fila;posicao;substancia_a;substancia_b;atc_a;atc_b;probabilidade_calibrada;probabilidade_bruta;modelo;versao;status_modelo;o_que_isto_e
A_PONTO_CEGO;1;aripiprazol;levomepromazina;N05AX12;N05AA02;1.0000;0.9810;m1_existencia_interacao;1.0-boosting;EXPERIMENTAL;"PREVISAO estatistica, sem evidencia documental; requer verificacao por farmaceutico"
A_PONTO_CEGO;2;clozapina;levomepromazina;N05AH02;N05AA02;1.0000;0.9837;m1_existencia_interacao;1.0-boosting;EXPERIMENTAL;"PREVISAO estatistica, sem evidencia documental; requer verificacao por farmaceutico"
A_PONTO_CEGO;3;fibrinolisina;clopidogrel;B01AD05;B01AC04;1.0000;0.9643;m1_existencia_interacao;1.0-boosting;EXPERIMENTAL;"PREVISAO estatistica, sem evidencia documental; requer verificacao por farmaceutico"
A_PONTO_CEGO;4;buspirona;levomepromazina;N05BE01;N05AA02;1.0000;0.9729;m1_existencia_interacao;1.0-boosting;EXPERIMENTAL;"PREVISAO estatistica, sem evidencia documental; requer verificacao por farmaceutico"
A_PONTO_CEGO;5;quetiapina;levomepromazina;N05AH04;N05AA02;1.0000;0.9752;m1_existencia_interacao;1.0-boosting;EXPERIMENTAL;"PREVISAO estatistica, sem evidencia documental; requer verificacao por farmaceutico"
A_PONTO_CEGO;6;haloperidol;levomepromazina;N05AD01;N05AA02;1.0000;0.9659;m1_existencia_interacao;1.0-boosting;EXPERIMENTAL;"PREVISAO estatistica, sem evidencia documental; requer verificacao por farmaceutico"
A_PONTO_CEGO;7;fibrinolisina;varfarina;B01AD05;B01AA03;1.0000;0.9660;m1_existencia_interacao;1.0-boosting;EXPERIMENTAL;"PREVISAO estatistica, sem evidencia documental; requer verificacao por farmaceutico"
A_PONTO_CEGO;8;levomepromazina;paliperidona;N05AA02;N05AX13;1.0000;0.9661;m1_existencia_interacao;1.0-boosting;EXPERIMENTAL;"PREVISAO estatistica, sem evidencia documental; requer verificacao por farmaceutico"
A_PONTO_CEGO;9;fibrinolisina;rivaroxabana;B01AD05;B01AF01;1.0000;0.9666;m1_existencia_interacao;1.0-boosting;EXPERIMENTAL;"PREVISAO estatistica, sem evidencia documental; requer verificacao por farmaceutico"
A_PONTO_CEGO;10;levomepromazina;lurasidona;N05AA02;N05AE05;1.0000;0.9750;m1_existencia_interacao;1.0-boosting;EXPERIMENTAL;"PREVISAO estatistica, sem evidencia documental; requer verificacao por farmaceutico"
A_PONTO_CEGO;11;levomepromazina;zuclopentixol;N05AA02;N05AF05;1.0000;0.9717;m1_existencia_interacao;1.0-boosting;EXPERIMENTAL;"PREVISAO estatistica, sem evidencia documental; requer verificacao por farmaceutico"
A_PONTO_CEGO;12;apixabana;fibrinolisina;B01AF02;B01AD05;0.9933;0.9579;m1_existencia_interacao;1.0-boosting;EXPERIMENTAL;"PREVISAO estatistica, sem evidencia documental; requer verificacao por farmaceutico"
A_PONTO_CEGO;13;fibrinolisina;cilostazol;B01AD05;B01AC23;0.9817;0.9542;m1_existencia_interacao;1.0-boosting;EXPERIMENTAL;"PREVISAO estatistica, sem evidencia documental; requer verificacao por farmaceutico"
A_PONTO_CEGO;14;fibrinolisina;ticagrelor;B01AD05;B01AC24;0.9578;0.9467;m1_existencia_interacao;1.0-boosting;EXPERIMENTAL;"PREVISAO estatistica, sem evidencia documental; requer verificacao por farmaceutico"
A_PONTO_CEGO;15;dexametasona;racecadotrila;A01AC02;A07XA04;0.9516;0.9447;m1_existencia_interacao;1.0-boosting;EXPERIMENTAL;"PREVISAO estatistica, sem evidencia documental; requer verificacao por farmaceutico"
A_PONTO_CEGO;16;fenol;ziprasidona;C05BB05;N05AE04;0.9508;0.9444;m1_existencia_interacao;1.0-boosting;EXPERIMENTAL;"PREVISAO estatistica, sem evidencia documental; requer verificacao por farmaceutico"
A_PONTO_CEGO;17;cloreto de dequalínio;zolpidem;D08AH01;N05CF02;0.9492;0.9439;m1_existencia_interacao;1.0-boosting;EXPERIMENTAL;"PREVISAO estatistica, sem evidencia documental; requer verificacao por farmaceutico"
A_PONTO_CEGO;18;cloreto de dequalínio;ziprasidona;D08AH01;N05AE04;0.9450;0.9426;m1_existencia_interacao;1.0-boosting;EXPERIMENTAL;"PREVISAO estatistica, sem evidencia documental; requer verificacao por farmaceutico"
A_PONTO_CEGO;19;fenol;hidroxizina;C05BB05;N05BB01;0.9425;0.9418;m1_existencia_interacao;1.0-boosting;EXPERIMENTAL;"PREVISAO estatistica, sem evidencia documental; requer verificacao por farmaceutico"
A_PONTO_CEGO;20;fenol;clozapina;C05BB05;N05AH02;0.9370;0.9401;m1_existencia_interacao;1.0-boosting;EXPERIMENTAL;"PREVISAO estatistica, sem evidencia documental; requer verificacao por farmaceutico"
A_PONTO_CEGO;21;espesolimabe;teriflunomida;L04AC22;L04AK02;0.9367;0.9088;m1_existencia_interacao;1.0-boosting;EXPERIMENTAL;"PREVISAO estatistica, sem evidencia documental; requer verificacao por farmaceutico"
A_PONTO_CEGO;22;aripiprazol;fenol;N05AX12;C05BB05;0.9367;0.9070;m1_existencia_interacao;1.0-boosting;EXPERIMENTAL;"PREVISAO estatistica, sem evidencia documental; requer verificacao por farmaceutico"
A_PONTO_CEGO;23;diosmina;fluconazol;C05CA03;D01AC15;0.9367;0.9324;m1_existencia_interacao;1.0-boosting;EXPERIMENTAL;"PREVISAO estatistica, sem evidencia documental; requer verificacao por farmaceutico"
A_PONTO_CEGO;24;ácido valproico;estiripentol;N03AG01;N03AX17;0.9367;0.9213;m1_existencia_interacao;1.0-boosting;EXPERIMENTAL;"PREVISAO estatistica, sem evidencia documental; requer verificacao por farmaceutico"
A_PONTO_CEGO;25;hidroxizina;troxerrutina;N05BB01;C05CA04;0.9367;0.9363;m1_existencia_interacao;1.0-boosting;EXPERIMENTAL;"PREVISAO estatistica, sem evidencia documental; requer verificacao por farmaceutico"
A_PONTO_CEGO;26;racecadotrila;rivaroxabana;A07XA04;B01AF01;0.9367;0.9013;m1_existencia_interacao;1.0-boosting;EXPERIMENTAL;"PREVISAO estatistica, sem evidencia documental; requer verificacao por farmaceutico"
A_PONTO_CEGO;27;cloreto de dequalínio;clozapina;D08AH01;N05AH02;0.9367;0.9392;m1_existencia_interacao;1.0-boosting;EXPERIMENTAL;"PREVISAO estatistica, sem evidencia documental; requer verificacao por farmaceutico"
A_PONTO_CEGO;28;haloperidol;troxerrutina;N05AD01;C05CA04;0.9367;0.9222;m1_existencia_interacao;1.0-boosting;EXPERIMENTAL;"PREVISAO estatistica, sem evidencia documental; requer verificacao por farmaceutico"
A_PONTO_CEGO;29;doxiciclina;racecadotrila;A01AB22;A07XA04;0.9367;0.9132;m1_existencia_interacao;1.0-boosting;EXPERIMENTAL;"PREVISAO estatistica, sem evidencia documental; requer verificacao por farmaceutico"
A_PONTO_CEGO;30;haloperidol;hidrosmina;N05AD01;C05CA05;0.9367;0.9275;m1_existencia_interacao;1.0-boosting;EXPERIMENTAL;"PREVISAO estatistica, sem evidencia documental; requer verificacao por farmaceutico"
A_PONTO_CEGO;31;brometo de benzalcônio;lemborexante;D08AJ01;N05CJ02;0.9367;0.9165;m1_existencia_interacao;1.0-boosting;EXPERIMENTAL;"PREVISAO estatistica, sem evidencia documental; requer verificacao por farmaceutico"
A_PONTO_CEGO;32;fibrinolisina;treprostinila;B01AD05;B01AC21;0.9367;0.9044;m1_existencia_interacao;1.0-boosting;EXPERIMENTAL;"PREVISAO estatistica, sem evidencia documental; requer verificacao por farmaceutico"
A_PONTO_CEGO;33;dexmedetomidina;fenol;N05CM18;C05BB05;0.9367;0.9121;m1_existencia_interacao;1.0-boosting;EXPERIMENTAL;"PREVISAO estatistica, sem evidencia documental; requer verificacao por farmaceutico"
A_PONTO_CEGO;34;diosmina;midazolam;C05CA03;N05CD08;0.9367;0.9010;m1_existencia_interacao;1.0-boosting;EXPERIMENTAL;"PREVISAO estatistica, sem evidencia documental; requer verificacao por farmaceutico"
A_PONTO_CEGO;35;hidrosmina;midazolam;C05CA05;N05CD08;0.9367;0.9152;m1_existencia_interacao;1.0-boosting;EXPERIMENTAL;"PREVISAO estatistica, sem evidencia documental; requer verificacao por farmaceutico"
A_PONTO_CEGO;36;etexilato de dabigatrana;fibrinolisina;B01AE07;B01AD05;0.9367;0.9125;m1_existencia_interacao;1.0-boosting;EXPERIMENTAL;"PREVISAO estatistica, sem evidencia documental; requer verificacao por farmaceutico"
A_PONTO_CEGO;37;cloreto de dequalínio;fenitoína;D08AH01;N03AB02;0.9367;0.9188;m1_existencia_interacao;1.0-boosting;EXPERIMENTAL;"PREVISAO estatistica, sem evidencia documental; requer verificacao por farmaceutico"
A_PONTO_CEGO;38;dexametasona;ciprofibrato;A01AC02;C10AB08;0.9367;0.9186;m1_existencia_interacao;1.0-boosting;EXPERIMENTAL;"PREVISAO estatistica, sem evidencia documental; requer verificacao por farmaceutico"
A_PONTO_CEGO;39;cloreto de dequalínio;risperidona;D08AH01;N05AX08;0.9367;0.9350;m1_existencia_interacao;1.0-boosting;EXPERIMENTAL;"PREVISAO estatistica, sem evidencia documental; requer verificacao por farmaceutico"
A_PONTO_CEGO;40;cloreto de dequalínio;lorazepam;D08AH01;N05BA06;0.9367;0.9331;m1_existencia_interacao;1.0-boosting;EXPERIMENTAL;"PREVISAO estatistica, sem evidencia documental; requer verificacao por farmaceutico"
A_PONTO_CEGO;41;prednisolona;racecadotrila;A01AC04;A07XA04;0.9367;0.9378;m1_existencia_interacao;1.0-boosting;EXPERIMENTAL;"PREVISAO estatistica, sem evidencia documental; requer verificacao por farmaceutico"
A_PONTO_CEGO;42;clormadinona;metformina;G03DB06;A10BA02;0.9367;0.9249;m1_existencia_interacao;1.0-boosting;EXPERIMENTAL;"PREVISAO estatistica, sem evidencia documental; requer verificacao por farmaceutico"
A_PONTO_CEGO;43;cetoconazol;racecadotrila;D01AC08;A07XA04;0.9367;0.9154;m1_existencia_interacao;1.0-boosting;EXPERIMENTAL;"PREVISAO estatistica, sem evidencia documental; requer verificacao por farmaceutico"
A_PONTO_CEGO;44;midazolam;troxerrutina;N05CD08;C05CA04;0.9367;0.9024;m1_existencia_interacao;1.0-boosting;EXPERIMENTAL;"PREVISAO estatistica, sem evidencia documental; requer verificacao por farmaceutico"
A_PONTO_CEGO;45;metronidazol;racecadotrila;A01AB17;A07XA04;0.9367;0.9208;m1_existencia_interacao;1.0-boosting;EXPERIMENTAL;"PREVISAO estatistica, sem evidencia documental; requer verificacao por farmaceutico"
A_PONTO_CEGO;46;diosmina;hidroxizina;C05CA03;N05BB01;0.9367;0.9135;m1_existencia_interacao;1.0-boosting;EXPERIMENTAL;"PREVISAO estatistica, sem evidencia documental; requer verificacao por farmaceutico"
A_PONTO_CEGO;47;fluconazol;racecadotrila;D01AC15;A07XA04;0.9367;0.9317;m1_existencia_interacao;1.0-boosting;EXPERIMENTAL;"PREVISAO estatistica, sem evidencia documental; requer verificacao por farmaceutico"
A_PONTO_CEGO;48;hidroxizina;hidrosmina;N05BB01;C05CA05;0.9367;0.9289;m1_existencia_interacao;1.0-boosting;EXPERIMENTAL;"PREVISAO estatistica, sem evidencia documental; requer verificacao por farmaceutico"
A_PONTO_CEGO;49;glimepirida;clormadinona;A10BB12;G03DB06;0.9367;0.9279;m1_existencia_interacao;1.0-boosting;EXPERIMENTAL;"PREVISAO estatistica, sem evidencia documental; requer verificacao por farmaceutico"
A_PONTO_CEGO;50;cloreto de dequalínio;olanzapina;D08AH01;N05AH03;0.9367;0.9357;m1_existencia_interacao;1.0-boosting;EXPERIMENTAL;"PREVISAO estatistica, sem evidencia documental; requer verificacao por farmaceutico"
A_PONTO_CEGO;51;clopidogrel;racecadotrila;B01AC04;A07XA04;0.9367;0.9088;m1_existencia_interacao;1.0-boosting;EXPERIMENTAL;"PREVISAO estatistica, sem evidencia documental; requer verificacao por farmaceutico"
A_PONTO_CEGO;52;bromazepam;cloreto de dequalínio;N05BA08;D08AH01;0.9367;0.9050;m1_existencia_interacao;1.0-boosting;EXPERIMENTAL;"PREVISAO estatistica, sem evidencia documental; requer verificacao por farmaceutico"
A_PONTO_CEGO;53;bromazepam;fenol;N05BA08;C05BB05;0.9367;0.9059;m1_existencia_interacao;1.0-boosting;EXPERIMENTAL;"PREVISAO estatistica, sem evidencia documental; requer verificacao por farmaceutico"
A_PONTO_CEGO;54;fluconazol;lenacapavir;D01AC15;J05AX31;0.9367;0.9074;m1_existencia_interacao;1.0-boosting;EXPERIMENTAL;"PREVISAO estatistica, sem evidencia documental; requer verificacao por farmaceutico"
A_PONTO_CEGO;55;hidrosmina;zopiclona;C05CA05;N05CF01;0.9367;0.9104;m1_existencia_interacao;1.0-boosting;EXPERIMENTAL;"PREVISAO estatistica, sem evidencia documental; requer verificacao por farmaceutico"
A_PONTO_CEGO;56;zopiclona;troxerrutina;N05CF01;C05CA04;0.9367;0.9040;m1_existencia_interacao;1.0-boosting;EXPERIMENTAL;"PREVISAO estatistica, sem evidencia documental; requer verificacao por farmaceutico"
A_PONTO_CEGO;57;fenol;lorazepam;C05BB05;N05BA06;0.9367;0.9092;m1_existencia_interacao;1.0-boosting;EXPERIMENTAL;"PREVISAO estatistica, sem evidencia documental; requer verificacao por farmaceutico"
A_PONTO_CEGO;58;fenol;paliperidona;C05BB05;N05AX13;0.9367;0.9079;m1_existencia_interacao;1.0-boosting;EXPERIMENTAL;"PREVISAO estatistica, sem evidencia documental; requer verificacao por farmaceutico"
A_PONTO_CEGO;59;brometo de benzalcônio;periciazina;D08AJ01;N05AC01;0.9367;0.9049;m1_existencia_interacao;1.0-boosting;EXPERIMENTAL;"PREVISAO estatistica, sem evidencia documental; requer verificacao por farmaceutico"
A_PONTO_CEGO;60;eculizumabe;teriflunomida;L04AJ01;L04AK02;0.9367;0.9228;m1_existencia_interacao;1.0-boosting;EXPERIMENTAL;"PREVISAO estatistica, sem evidencia documental; requer verificacao por farmaceutico"
A_PONTO_CEGO;61;quetiapina;troxerrutina;N05AH04;C05CA04;0.9367;0.9101;m1_existencia_interacao;1.0-boosting;EXPERIMENTAL;"PREVISAO estatistica, sem evidencia documental; requer verificacao por farmaceutico"
A_PONTO_CEGO;62;diosmina;droperidol;C05CA03;N05AD08;0.9367;0.9063;m1_existencia_interacao;1.0-boosting;EXPERIMENTAL;"PREVISAO estatistica, sem evidencia documental; requer verificacao por farmaceutico"
A_PONTO_CEGO;63;risperidona;troxerrutina;N05AX08;C05CA04;0.9367;0.9015;m1_existencia_interacao;1.0-boosting;EXPERIMENTAL;"PREVISAO estatistica, sem evidencia documental; requer verificacao por farmaceutico"
A_PONTO_CEGO;64;ciprofibrato;prednisolona;C10AB08;A01AC04;0.9367;0.9062;m1_existencia_interacao;1.0-boosting;EXPERIMENTAL;"PREVISAO estatistica, sem evidencia documental; requer verificacao por farmaceutico"
A_PONTO_CEGO;65;ácido valproico;fentanila;N03AG01;N01AH01;0.9367;0.9128;m1_existencia_interacao;1.0-boosting;EXPERIMENTAL;"PREVISAO estatistica, sem evidencia documental; requer verificacao por farmaceutico"
A_PONTO_CEGO;66;fumarato de dimetila;espesolimabe;L04AX07;L04AC22;0.9359;0.8997;m1_existencia_interacao;1.0-boosting;EXPERIMENTAL;"PREVISAO estatistica, sem evidencia documental; requer verificacao por farmaceutico"
A_PONTO_CEGO;67;amissulprida;brometo de benzalcônio;N05AL05;D08AJ01;0.9349;0.8994;m1_existencia_interacao;1.0-boosting;EXPERIMENTAL;"PREVISAO estatistica, sem evidencia documental; requer verificacao por farmaceutico"
A_PONTO_CEGO;68;olmesartana medoxomila;valsartana;C09CA08;C09CA03;0.9346;0.8994;m1_existencia_interacao;1.0-boosting;EXPERIMENTAL;"PREVISAO estatistica, sem evidencia documental; requer verificacao por farmaceutico"
A_PONTO_CEGO;69;ziprasidona;troxerrutina;N05AE04;C05CA04;0.9332;0.8989;m1_existencia_interacao;1.0-boosting;EXPERIMENTAL;"PREVISAO estatistica, sem evidencia documental; requer verificacao por farmaceutico"
A_PONTO_CEGO;70;dipirona;metronidazol;N02BB02;A01AB17;0.9330;0.8988;m1_existencia_interacao;1.0-boosting;EXPERIMENTAL;"PREVISAO estatistica, sem evidencia documental; requer verificacao por farmaceutico"
A_PONTO_CEGO;71;fumarato de dimetila;eculizumabe;L04AX07;L04AJ01;0.9326;0.8987;m1_existencia_interacao;1.0-boosting;EXPERIMENTAL;"PREVISAO estatistica, sem evidencia documental; requer verificacao por farmaceutico"
A_PONTO_CEGO;72;fluconazol;dipirona;D01AC15;N02BB02;0.9311;0.8982;m1_existencia_interacao;1.0-boosting;EXPERIMENTAL;"PREVISAO estatistica, sem evidencia documental; requer verificacao por farmaceutico"
A_PONTO_CEGO;73;celecoxibe;ciprofibrato;L01XX33;C10AB08;0.9302;0.8980;m1_existencia_interacao;1.0-boosting;EXPERIMENTAL;"PREVISAO estatistica, sem evidencia documental; requer verificacao por farmaceutico"
A_PONTO_CEGO;74;eculizumabe;leflunomida;L04AJ01;L04AK01;0.9293;0.8977;m1_existencia_interacao;1.0-boosting;EXPERIMENTAL;"PREVISAO estatistica, sem evidencia documental; requer verificacao por farmaceutico"
A_PONTO_CEGO;75;clormadinona;fosfato de sitagliptina;G03DB06;A10BH01;0.9286;0.8975;m1_existencia_interacao;1.0-boosting;EXPERIMENTAL;"PREVISAO estatistica, sem evidencia documental; requer verificacao por farmaceutico"
A_PONTO_CEGO;76;olanzapina;troxerrutina;N05AH03;C05CA04;0.9265;0.8968;m1_existencia_interacao;1.0-boosting;EXPERIMENTAL;"PREVISAO estatistica, sem evidencia documental; requer verificacao por farmaceutico"
A_PONTO_CEGO;77;hidrosmina;paliperidona;C05CA05;N05AX13;0.9194;0.8946;m1_existencia_interacao;1.0-boosting;EXPERIMENTAL;"PREVISAO estatistica, sem evidencia documental; requer verificacao por farmaceutico"
A_PONTO_CEGO;78;diosmina;metronidazol;C05CA03;A01AB17;0.9151;0.8933;m1_existencia_interacao;1.0-boosting;EXPERIMENTAL;"PREVISAO estatistica, sem evidencia documental; requer verificacao por farmaceutico"
A_PONTO_CEGO;79;bortezomibe;ciprofibrato;L01XG01;C10AB08;0.9137;0.8928;m1_existencia_interacao;1.0-boosting;EXPERIMENTAL;"PREVISAO estatistica, sem evidencia documental; requer verificacao por farmaceutico"
A_PONTO_CEGO;80;omeprazol;vosoritida;A02BC01;M05BX07;0.9125;0.8925;m1_existencia_interacao;1.0-boosting;EXPERIMENTAL;"PREVISAO estatistica, sem evidencia documental; requer verificacao por farmaceutico"
A_PONTO_CEGO;81;dexmedetomidina;hidrosmina;N05CM18;C05CA05;0.9117;0.8922;m1_existencia_interacao;1.0-boosting;EXPERIMENTAL;"PREVISAO estatistica, sem evidencia documental; requer verificacao por farmaceutico"
A_PONTO_CEGO;82;olmesartana medoxomila;telmisartana;C09CA08;C09CA07;0.9093;0.8914;m1_existencia_interacao;1.0-boosting;EXPERIMENTAL;"PREVISAO estatistica, sem evidencia documental; requer verificacao por farmaceutico"
A_PONTO_CEGO;83;fluconazol;vericiguate;D01AC15;C01DX22;0.9074;0.8909;m1_existencia_interacao;1.0-boosting;EXPERIMENTAL;"PREVISAO estatistica, sem evidencia documental; requer verificacao por farmaceutico"
A_PONTO_CEGO;84;bilastina;desloratadina;R06AX29;R06AX27;0.9073;0.8908;m1_existencia_interacao;1.0-boosting;EXPERIMENTAL;"PREVISAO estatistica, sem evidencia documental; requer verificacao por farmaceutico"
A_PONTO_CEGO;85;losartana;olmesartana medoxomila;C09CA01;C09CA08;0.9060;0.8904;m1_existencia_interacao;1.0-boosting;EXPERIMENTAL;"PREVISAO estatistica, sem evidencia documental; requer verificacao por farmaceutico"
A_PONTO_CEGO;86;fingolimode;espesolimabe;L04AE01;L04AC22;0.9030;0.8895;m1_existencia_interacao;1.0-boosting;EXPERIMENTAL;"PREVISAO estatistica, sem evidencia documental; requer verificacao por farmaceutico"
A_PONTO_CEGO;87;fluconazol;rifamicina;D01AC15;A07AA13;0.9011;0.8889;m1_existencia_interacao;1.0-boosting;EXPERIMENTAL;"PREVISAO estatistica, sem evidencia documental; requer verificacao por farmaceutico"
A_PONTO_CEGO;88;eculizumabe;fingolimode;L04AJ01;L04AE01;0.8994;0.8884;m1_existencia_interacao;1.0-boosting;EXPERIMENTAL;"PREVISAO estatistica, sem evidencia documental; requer verificacao por farmaceutico"
A_PONTO_CEGO;89;bilastina;fluconazol;R06AX29;D01AC15;0.8949;0.8870;m1_existencia_interacao;1.0-boosting;EXPERIMENTAL;"PREVISAO estatistica, sem evidencia documental; requer verificacao por farmaceutico"
A_PONTO_CEGO;90;omeprazol;fumarato de vonoprazana;A02BC01;A02BC08;0.8947;0.8869;m1_existencia_interacao;1.0-boosting;EXPERIMENTAL;"PREVISAO estatistica, sem evidencia documental; requer verificacao por farmaceutico"
A_PONTO_CEGO;91;leflunomida;espesolimabe;L04AK01;L04AC22;0.8913;0.8858;m1_existencia_interacao;1.0-boosting;EXPERIMENTAL;"PREVISAO estatistica, sem evidencia documental; requer verificacao por farmaceutico"
A_PONTO_CEGO;92;ácido valproico;fenobarbital;N03AG01;N03AA02;0.8897;0.8853;m1_existencia_interacao;1.0-boosting;EXPERIMENTAL;"PREVISAO estatistica, sem evidencia documental; requer verificacao por farmaceutico"
A_PONTO_CEGO;93;cloreto de benzetônio;lemborexante;D08AJ08;N05CJ02;0.8888;0.8851;m1_existencia_interacao;1.0-boosting;EXPERIMENTAL;"PREVISAO estatistica, sem evidencia documental; requer verificacao por farmaceutico"
A_PONTO_CEGO;94;ácido valproico;hidroxizina;N03AG01;N05BB01;0.8858;0.8841;m1_existencia_interacao;1.0-boosting;EXPERIMENTAL;"PREVISAO estatistica, sem evidencia documental; requer verificacao por farmaceutico"
A_PONTO_CEGO;95;cloreto de benzetônio;estazolam;D08AJ08;N05CD04;0.8822;0.8830;m1_existencia_interacao;1.0-boosting;EXPERIMENTAL;"PREVISAO estatistica, sem evidencia documental; requer verificacao por farmaceutico"
A_PONTO_CEGO;96;clormadinona;saxagliptina;G03DB06;A10BH03;0.8816;0.8828;m1_existencia_interacao;1.0-boosting;EXPERIMENTAL;"PREVISAO estatistica, sem evidencia documental; requer verificacao por farmaceutico"
A_PONTO_CEGO;97;olmesartana medoxomila;metronidazol;C09CA08;A01AB17;0.8813;0.8827;m1_existencia_interacao;1.0-boosting;EXPERIMENTAL;"PREVISAO estatistica, sem evidencia documental; requer verificacao por farmaceutico"
A_PONTO_CEGO;98;haloperidol;diosmina;N05AD01;C05CA03;0.8805;0.8825;m1_existencia_interacao;1.0-boosting;EXPERIMENTAL;"PREVISAO estatistica, sem evidencia documental; requer verificacao por farmaceutico"
A_PONTO_CEGO;99;metronidazol;rifamicina;A01AB17;A07AA13;0.8803;0.8824;m1_existencia_interacao;1.0-boosting;EXPERIMENTAL;"PREVISAO estatistica, sem evidencia documental; requer verificacao por farmaceutico"
A_PONTO_CEGO;100;brometo de benzalcônio;clordiazepóxido;D08AJ01;N05BA02;0.8802;0.8824;m1_existencia_interacao;1.0-boosting;EXPERIMENTAL;"PREVISAO estatistica, sem evidencia documental; requer verificacao por farmaceutico"
A_PONTO_CEGO;101;brometo de benzalcônio;flurazepam;D08AJ01;N05CD01;0.8802;0.8824;m1_existencia_interacao;1.0-boosting;EXPERIMENTAL;"PREVISAO estatistica, sem evidencia documental; requer verificacao por farmaceutico"
A_PONTO_CEGO;102;hidrosmina;zolpidem;C05CA05;N05CF02;0.8801;0.8823;m1_existencia_interacao;1.0-boosting;EXPERIMENTAL;"PREVISAO estatistica, sem evidencia documental; requer verificacao por farmaceutico"
A_PONTO_CEGO;103;azatioprina;etrasimode;L04AX01;L04AE05;0.8797;0.8822;m1_existencia_interacao;1.0-boosting;EXPERIMENTAL;"PREVISAO estatistica, sem evidencia documental; requer verificacao por farmaceutico"
A_PONTO_CEGO;104;diosmina;omeprazol;C05CA03;A02BC01;0.8780;0.8817;m1_existencia_interacao;1.0-boosting;EXPERIMENTAL;"PREVISAO estatistica, sem evidencia documental; requer verificacao por farmaceutico"
A_PONTO_CEGO;105;hidrosmina;quetiapina;C05CA05;N05AH04;0.8745;0.8806;m1_existencia_interacao;1.0-boosting;EXPERIMENTAL;"PREVISAO estatistica, sem evidencia documental; requer verificacao por farmaceutico"
A_PONTO_CEGO;106;finerenona;espironolactona;C03DA05;C03DA01;0.8729;0.8801;m1_existencia_interacao;1.0-boosting;EXPERIMENTAL;"PREVISAO estatistica, sem evidencia documental; requer verificacao por farmaceutico"
A_PONTO_CEGO;107;etrasimode;teriflunomida;L04AE05;L04AK02;0.8723;0.8798;m1_existencia_interacao;1.0-boosting;EXPERIMENTAL;"PREVISAO estatistica, sem evidencia documental; requer verificacao por farmaceutico"
A_PONTO_CEGO;108;olmesartana medoxomila;prednisolona;C09CA08;A01AC04;0.8722;0.8797;m1_existencia_interacao;1.0-boosting;EXPERIMENTAL;"PREVISAO estatistica, sem evidencia documental; requer verificacao por farmaceutico"
A_PONTO_CEGO;109;ácido valproico;remifentanila;N03AG01;N01AH06;0.8715;0.8790;m1_existencia_interacao;1.0-boosting;EXPERIMENTAL;"PREVISAO estatistica, sem evidencia documental; requer verificacao por farmaceutico"
A_PONTO_CEGO;110;dexmedetomidina;diosmina;N05CM18;C05CA03;0.8713;0.8788;m1_existencia_interacao;1.0-boosting;EXPERIMENTAL;"PREVISAO estatistica, sem evidencia documental; requer verificacao por farmaceutico"
A_PONTO_CEGO;111;eplerenona;finerenona;C03DA04;C03DA05;0.8713;0.8788;m1_existencia_interacao;1.0-boosting;EXPERIMENTAL;"PREVISAO estatistica, sem evidencia documental; requer verificacao por farmaceutico"
A_PONTO_CEGO;112;quetiapina;oleato de monoetanolamina;N05AH04;C05BB01;0.8712;0.8787;m1_existencia_interacao;1.0-boosting;EXPERIMENTAL;"PREVISAO estatistica, sem evidencia documental; requer verificacao por farmaceutico"
A_PONTO_CEGO;113;avacopana;teriflunomida;L04AJ05;L04AK02;0.8703;0.8779;m1_existencia_interacao;1.0-boosting;EXPERIMENTAL;"PREVISAO estatistica, sem evidencia documental; requer verificacao por farmaceutico"
A_PONTO_CEGO;114;doxiciclina;rifamicina;A01AB22;A07AA13;0.8698;0.8774;m1_existencia_interacao;1.0-boosting;EXPERIMENTAL;"PREVISAO estatistica, sem evidencia documental; requer verificacao por farmaceutico"
A_PONTO_CEGO;115;cloreto de benzetônio;periciazina;D08AJ08;N05AC01;0.8693;0.8769;m1_existencia_interacao;1.0-boosting;EXPERIMENTAL;"PREVISAO estatistica, sem evidencia documental; requer verificacao por farmaceutico"
A_PONTO_CEGO;116;bilastina;fexofenadina;R06AX29;R06AX26;0.8684;0.8760;m1_existencia_interacao;1.0-boosting;EXPERIMENTAL;"PREVISAO estatistica, sem evidencia documental; requer verificacao por farmaceutico"
A_PONTO_CEGO;117;ácido valproico;morfina;N03AG01;N02AA01;0.8684;0.8760;m1_existencia_interacao;1.0-boosting;EXPERIMENTAL;"PREVISAO estatistica, sem evidencia documental; requer verificacao por farmaceutico"
A_PONTO_CEGO;118;ácido acetilsalicílico;olmesartana medoxomila;A01AD05;C09CA08;0.8678;0.8754;m1_existencia_interacao;1.0-boosting;EXPERIMENTAL;"PREVISAO estatistica, sem evidencia documental; requer verificacao por farmaceutico"
A_PONTO_CEGO;119;oleato de monoetanolamina;ziprasidona;C05BB01;N05AE04;0.8670;0.8747;m1_existencia_interacao;1.0-boosting;EXPERIMENTAL;"PREVISAO estatistica, sem evidencia documental; requer verificacao por farmaceutico"
A_PONTO_CEGO;120;insulina asparte;clormadinona;A10AB05;G03DB06;0.8656;0.8733;m1_existencia_interacao;1.0-boosting;EXPERIMENTAL;"PREVISAO estatistica, sem evidencia documental; requer verificacao por farmaceutico"
A_PONTO_CEGO;121;brometo de benzalcônio;estazolam;D08AJ01;N05CD04;0.8643;0.8720;m1_existencia_interacao;1.0-boosting;EXPERIMENTAL;"PREVISAO estatistica, sem evidencia documental; requer verificacao por farmaceutico"
A_PONTO_CEGO;122;ciprofibrato;rosuvastatina;C10AB08;C10AA07;0.8639;0.8717;m1_existencia_interacao;1.0-boosting;EXPERIMENTAL;"PREVISAO estatistica, sem evidencia documental; requer verificacao por farmaceutico"
A_PONTO_CEGO;123;zolpidem;triclosana;N05CF02;D08AE04;0.8635;0.8713;m1_existencia_interacao;1.0-boosting;EXPERIMENTAL;"PREVISAO estatistica, sem evidencia documental; requer verificacao por farmaceutico"
A_PONTO_CEGO;124;rifamicina;rifampicina;A07AA13;J04AB02;0.8632;0.8710;m1_existencia_interacao;1.0-boosting;EXPERIMENTAL;"PREVISAO estatistica, sem evidencia documental; requer verificacao por farmaceutico"
A_PONTO_CEGO;125;dexametasona;olmesartana medoxomila;A01AC02;C09CA08;0.8630;0.8708;m1_existencia_interacao;1.0-boosting;EXPERIMENTAL;"PREVISAO estatistica, sem evidencia documental; requer verificacao por farmaceutico"
A_PONTO_CEGO;126;ziprasidona;triclosana;N05AE04;D08AE04;0.8626;0.8705;m1_existencia_interacao;1.0-boosting;EXPERIMENTAL;"PREVISAO estatistica, sem evidencia documental; requer verificacao por farmaceutico"
A_PONTO_CEGO;127;ácido valproico;aripiprazol;N03AG01;N05AX12;0.8626;0.8704;m1_existencia_interacao;1.0-boosting;EXPERIMENTAL;"PREVISAO estatistica, sem evidencia documental; requer verificacao por farmaceutico"
A_PONTO_CEGO;128;amissulprida;cloreto de benzetônio;N05AL05;D08AJ08;0.8621;0.8700;m1_existencia_interacao;1.0-boosting;EXPERIMENTAL;"PREVISAO estatistica, sem evidencia documental; requer verificacao por farmaceutico"
A_PONTO_CEGO;129;hidroclorotiazida;tirzepatida;C03AA03;A10BX16;0.8619;0.8697;m1_existencia_interacao;1.0-boosting;EXPERIMENTAL;"PREVISAO estatistica, sem evidencia documental; requer verificacao por farmaceutico"
A_PONTO_CEGO;130;dipirona;prednisolona;N02BB02;A01AC04;0.8616;0.8695;m1_existencia_interacao;1.0-boosting;EXPERIMENTAL;"PREVISAO estatistica, sem evidencia documental; requer verificacao por farmaceutico"
A_PONTO_CEGO;131;fluticasona;tirzepatida;D07AC17;A10BX16;0.8616;0.8695;m1_existencia_interacao;1.0-boosting;EXPERIMENTAL;"PREVISAO estatistica, sem evidencia documental; requer verificacao por farmaceutico"
A_PONTO_CEGO;132;ácido valproico;vigabatrina;N03AG01;N03AG04;0.8608;0.8687;m1_existencia_interacao;1.0-boosting;EXPERIMENTAL;"PREVISAO estatistica, sem evidencia documental; requer verificacao por farmaceutico"
A_PONTO_CEGO;133;rozanolixizumabe;teriflunomida;L04AL02;L04AK02;0.8600;0.8680;m1_existencia_interacao;1.0-boosting;EXPERIMENTAL;"PREVISAO estatistica, sem evidencia documental; requer verificacao por farmaceutico"
A_PONTO_CEGO;134;teriflunomida;ublituximabe;L04AK02;L04AG14;0.8600;0.8680;m1_existencia_interacao;1.0-boosting;EXPERIMENTAL;"PREVISAO estatistica, sem evidencia documental; requer verificacao por farmaceutico"
A_PONTO_CEGO;135;nerandomilaste;teriflunomida;L04AA61;L04AK02;0.8600;0.8680;m1_existencia_interacao;1.0-boosting;EXPERIMENTAL;"PREVISAO estatistica, sem evidencia documental; requer verificacao por farmaceutico"
A_PONTO_CEGO;136;clozapina;oleato de monoetanolamina;N05AH02;C05BB01;0.8583;0.8663;m1_existencia_interacao;1.0-boosting;EXPERIMENTAL;"PREVISAO estatistica, sem evidencia documental; requer verificacao por farmaceutico"
A_PONTO_CEGO;137;azatioprina;deucravacitinibe;L04AX01;L04AF07;0.8582;0.8662;m1_existencia_interacao;1.0-boosting;EXPERIMENTAL;"PREVISAO estatistica, sem evidencia documental; requer verificacao por farmaceutico"
A_PONTO_CEGO;138;avacopana;fumarato de dimetila;L04AJ05;L04AX07;0.8582;0.8662;m1_existencia_interacao;1.0-boosting;EXPERIMENTAL;"PREVISAO estatistica, sem evidencia documental; requer verificacao por farmaceutico"
A_PONTO_CEGO;139;azatioprina;danicopana;L04AX01;L04AJ09;0.8582;0.8662;m1_existencia_interacao;1.0-boosting;EXPERIMENTAL;"PREVISAO estatistica, sem evidencia documental; requer verificacao por farmaceutico"
A_PONTO_CEGO;140;prednisona;rifamicina;A07EA03;A07AA13;0.8576;0.8656;m1_existencia_interacao;1.0-boosting;EXPERIMENTAL;"PREVISAO estatistica, sem evidencia documental; requer verificacao por farmaceutico"
A_PONTO_CEGO;141;brometo de benzalcônio;etossuximida;D08AJ01;N03AD01;0.8569;0.8649;m1_existencia_interacao;1.0-boosting;EXPERIMENTAL;"PREVISAO estatistica, sem evidencia documental; requer verificacao por farmaceutico"
A_PONTO_CEGO;142;clotrimazol;olmesartana medoxomila;A01AB18;C09CA08;0.8565;0.8645;m1_existencia_interacao;1.0-boosting;EXPERIMENTAL;"PREVISAO estatistica, sem evidencia documental; requer verificacao por farmaceutico"
A_PONTO_CEGO;143;deucravacitinibe;teriflunomida;L04AF07;L04AK02;0.8560;0.8641;m1_existencia_interacao;1.0-boosting;EXPERIMENTAL;"PREVISAO estatistica, sem evidencia documental; requer verificacao por farmaceutico"
A_PONTO_CEGO;144;fenitoína;oxomemazina;N03AB02;R06AD08;0.8560;0.8641;m1_existencia_interacao;1.0-boosting;EXPERIMENTAL;"PREVISAO estatistica, sem evidencia documental; requer verificacao por farmaceutico"
A_PONTO_CEGO;145;fumarato de dimetila;etrasimode;L04AX07;L04AE05;0.8555;0.8636;m1_existencia_interacao;1.0-boosting;EXPERIMENTAL;"PREVISAO estatistica, sem evidencia documental; requer verificacao por farmaceutico"
A_PONTO_CEGO;146;cloreto de benzetônio;zolpidem;D08AJ08;N05CF02;0.8553;0.8634;m1_existencia_interacao;1.0-boosting;EXPERIMENTAL;"PREVISAO estatistica, sem evidencia documental; requer verificacao por farmaceutico"
A_PONTO_CEGO;147;clorpromazina;triclosana;N05AA01;D08AE04;0.8552;0.8633;m1_existencia_interacao;1.0-boosting;EXPERIMENTAL;"PREVISAO estatistica, sem evidencia documental; requer verificacao por farmaceutico"
A_PONTO_CEGO;148;lenacapavir;omeprazol;J05AX31;A02BC01;0.8540;0.8621;m1_existencia_interacao;1.0-boosting;EXPERIMENTAL;"PREVISAO estatistica, sem evidencia documental; requer verificacao por farmaceutico"
A_PONTO_CEGO;149;fluconazol;meclozina;D01AC15;R06AE05;0.8531;0.8612;m1_existencia_interacao;1.0-boosting;EXPERIMENTAL;"PREVISAO estatistica, sem evidencia documental; requer verificacao por farmaceutico"
A_PONTO_CEGO;150;ácido acetilsalicílico;dipirona;A01AD05;N02BB02;0.8527;0.8609;m1_existencia_interacao;1.0-boosting;EXPERIMENTAL;"PREVISAO estatistica, sem evidencia documental; requer verificacao por farmaceutico"
A_PONTO_CEGO;151;fludroxicortida;semaglutida;D07AC07;A10BJ06;0.8527;0.8609;m1_existencia_interacao;1.0-boosting;EXPERIMENTAL;"PREVISAO estatistica, sem evidencia documental; requer verificacao por farmaceutico"
A_PONTO_CEGO;152;cloreto de benzetônio;flurazepam;D08AJ08;N05CD01;0.8521;0.8603;m1_existencia_interacao;1.0-boosting;EXPERIMENTAL;"PREVISAO estatistica, sem evidencia documental; requer verificacao por farmaceutico"
A_PONTO_CEGO;153;cloreto de benzetônio;clordiazepóxido;D08AJ08;N05BA02;0.8521;0.8603;m1_existencia_interacao;1.0-boosting;EXPERIMENTAL;"PREVISAO estatistica, sem evidencia documental; requer verificacao por farmaceutico"
A_PONTO_CEGO;154;nitrazepam;triclosana;N05CD02;D08AE04;0.8518;0.8526;m1_existencia_interacao;1.0-boosting;EXPERIMENTAL;"PREVISAO estatistica, sem evidencia documental; requer verificacao por farmaceutico"
A_PONTO_CEGO;155;oleato de monoetanolamina;zolpidem;C05BB01;N05CF02;0.8518;0.8502;m1_existencia_interacao;1.0-boosting;EXPERIMENTAL;"PREVISAO estatistica, sem evidencia documental; requer verificacao por farmaceutico"
A_PONTO_CEGO;156;lorazepam;triclosana;N05BA06;D08AE04;0.8518;0.8558;m1_existencia_interacao;1.0-boosting;EXPERIMENTAL;"PREVISAO estatistica, sem evidencia documental; requer verificacao por farmaceutico"
A_PONTO_CEGO;157;prednisolona;rifamicina;A01AC04;A07AA13;0.8518;0.8430;m1_existencia_interacao;1.0-boosting;EXPERIMENTAL;"PREVISAO estatistica, sem evidencia documental; requer verificacao por farmaceutico"
A_PONTO_CEGO;158;verapamil;vericiguate;C08DA01;C01DX22;0.8518;0.8573;m1_existencia_interacao;1.0-boosting;EXPERIMENTAL;"PREVISAO estatistica, sem evidencia documental; requer verificacao por farmaceutico"
A_PONTO_CEGO;159;clormadinona;repaglinida;G03DB06;A10BX02;0.8518;0.8447;m1_existencia_interacao;1.0-boosting;EXPERIMENTAL;"PREVISAO estatistica, sem evidencia documental; requer verificacao por farmaceutico"
A_PONTO_CEGO;160;fludroxicortida;pioglitazona;D07AC07;A10BG03;0.8518;0.8540;m1_existencia_interacao;1.0-boosting;EXPERIMENTAL;"PREVISAO estatistica, sem evidencia documental; requer verificacao por farmaceutico"
A_PONTO_CEGO;161;flufenazina;triclosana;N05AB02;D08AE04;0.8518;0.8522;m1_existencia_interacao;1.0-boosting;EXPERIMENTAL;"PREVISAO estatistica, sem evidencia documental; requer verificacao por farmaceutico"
A_PONTO_CEGO;162;risperidona;triclosana;N05AX08;D08AE04;0.8518;0.8526;m1_existencia_interacao;1.0-boosting;EXPERIMENTAL;"PREVISAO estatistica, sem evidencia documental; requer verificacao por farmaceutico"
A_PONTO_CEGO;163;etrasimode;ciclosporina;L04AE05;L04AD01;0.8518;0.8447;m1_existencia_interacao;1.0-boosting;EXPERIMENTAL;"PREVISAO estatistica, sem evidencia documental; requer verificacao por farmaceutico"
A_PONTO_CEGO;164;clorpromazina;oleato de monoetanolamina;N05AA01;C05BB01;0.8518;0.8400;m1_existencia_interacao;1.0-boosting;EXPERIMENTAL;"PREVISAO estatistica, sem evidencia documental; requer verificacao por farmaceutico"
A_PONTO_CEGO;165;etrasimode;fingolimode;L04AE05;L04AE01;0.8518;0.8569;m1_existencia_interacao;1.0-boosting;EXPERIMENTAL;"PREVISAO estatistica, sem evidencia documental; requer verificacao por farmaceutico"
A_PONTO_CEGO;166;fumarato de dimetila;iptacopana;L04AX07;L04AJ08;0.8518;0.8459;m1_existencia_interacao;1.0-boosting;EXPERIMENTAL;"PREVISAO estatistica, sem evidencia documental; requer verificacao por farmaceutico"
A_PONTO_CEGO;167;amoxicilina;fludroxicortida;J01CA04;D07AC07;0.8518;0.8589;m1_existencia_interacao;1.0-boosting;EXPERIMENTAL;"PREVISAO estatistica, sem evidencia documental; requer verificacao por farmaceutico"
A_PONTO_CEGO;168;flufenazina;oxomemazina;N05AB02;R06AD08;0.8518;0.8523;m1_existencia_interacao;1.0-boosting;EXPERIMENTAL;"PREVISAO estatistica, sem evidencia documental; requer verificacao por farmaceutico"
A_PONTO_CEGO;169;fumarato de dimetila;nipocalimabe;L04AX07;L04AL03;0.8518;0.8459;m1_existencia_interacao;1.0-boosting;EXPERIMENTAL;"PREVISAO estatistica, sem evidencia documental; requer verificacao por farmaceutico"
A_PONTO_CEGO;170;fumarato de dimetila;nerandomilaste;L04AX07;L04AA61;0.8518;0.8504;m1_existencia_interacao;1.0-boosting;EXPERIMENTAL;"PREVISAO estatistica, sem evidencia documental; requer verificacao por farmaceutico"
A_PONTO_CEGO;171;ebastina;fluvoxamina;R06AX22;N06AB08;0.8518;0.8592;m1_existencia_interacao;1.0-boosting;EXPERIMENTAL;"PREVISAO estatistica, sem evidencia documental; requer verificacao por farmaceutico"
A_PONTO_CEGO;172;claritromicina;rifamicina;J01FA09;A07AA13;0.8518;0.8592;m1_existencia_interacao;1.0-boosting;EXPERIMENTAL;"PREVISAO estatistica, sem evidencia documental; requer verificacao por farmaceutico"
A_PONTO_CEGO;173;fumarato de dimetila;miriquizumabe;L04AX07;L04AC24;0.8518;0.8459;m1_existencia_interacao;1.0-boosting;EXPERIMENTAL;"PREVISAO estatistica, sem evidencia documental; requer verificacao por farmaceutico"
A_PONTO_CEGO;174;quetiapina;triclosana;N05AH04;D08AE04;0.8518;0.8497;m1_existencia_interacao;1.0-boosting;EXPERIMENTAL;"PREVISAO estatistica, sem evidencia documental; requer verificacao por farmaceutico"
A_PONTO_CEGO;175;ciprofibrato;metronidazol;C10AB08;A01AB17;0.8518;0.8443;m1_existencia_interacao;1.0-boosting;EXPERIMENTAL;"PREVISAO estatistica, sem evidencia documental; requer verificacao por farmaceutico"
A_PONTO_CEGO;176;levodopa;oleato de monoetanolamina;N04BA01;C05BB01;0.8518;0.8499;m1_existencia_interacao;1.0-boosting;EXPERIMENTAL;"PREVISAO estatistica, sem evidencia documental; requer verificacao por farmaceutico"
A_PONTO_CEGO;177;omeprazol;rifamicina;A02BC01;A07AA13;0.8518;0.8513;m1_existencia_interacao;1.0-boosting;EXPERIMENTAL;"PREVISAO estatistica, sem evidencia documental; requer verificacao por farmaceutico"
A_PONTO_CEGO;178;finerenona;metformina;C03DA05;A10BA02;0.8518;0.8406;m1_existencia_interacao;1.0-boosting;EXPERIMENTAL;"PREVISAO estatistica, sem evidencia documental; requer verificacao por farmaceutico"
A_PONTO_CEGO;179;fludroxicortida;linagliptina;D07AC07;A10BH05;0.8518;0.8550;m1_existencia_interacao;1.0-boosting;EXPERIMENTAL;"PREVISAO estatistica, sem evidencia documental; requer verificacao por farmaceutico"
A_PONTO_CEGO;180;hidroxizina;oleato de monoetanolamina;N05BB01;C05BB01;0.8518;0.8589;m1_existencia_interacao;1.0-boosting;EXPERIMENTAL;"PREVISAO estatistica, sem evidencia documental; requer verificacao por farmaceutico"
A_PONTO_CEGO;181;ácido acetilsalicílico;ciprofibrato;A01AD05;C10AB08;0.8518;0.8519;m1_existencia_interacao;1.0-boosting;EXPERIMENTAL;"PREVISAO estatistica, sem evidencia documental; requer verificacao por farmaceutico"
A_PONTO_CEGO;182;claritromicina;lenacapavir;J01FA09;J05AX31;0.8518;0.8409;m1_existencia_interacao;1.0-boosting;EXPERIMENTAL;"PREVISAO estatistica, sem evidencia documental; requer verificacao por farmaceutico"
A_PONTO_CEGO;183;drospirenona;tirzepatida;G03AC10;A10BX16;0.8518;0.8450;m1_existencia_interacao;1.0-boosting;EXPERIMENTAL;"PREVISAO estatistica, sem evidencia documental; requer verificacao por farmaceutico"
A_PONTO_CEGO;184;brometo de benzalcônio;brexpiprazol;D08AJ01;N05AX16;0.8518;0.8411;m1_existencia_interacao;1.0-boosting;EXPERIMENTAL;"PREVISAO estatistica, sem evidencia documental; requer verificacao por farmaceutico"
A_PONTO_CEGO;185;ciprofibrato;clotrimazol;C10AB08;A01AB18;0.8518;0.8519;m1_existencia_interacao;1.0-boosting;EXPERIMENTAL;"PREVISAO estatistica, sem evidencia documental; requer verificacao por farmaceutico"
A_PONTO_CEGO;186;bilastina;omeprazol;R06AX29;A02BC01;0.8518;0.8482;m1_existencia_interacao;1.0-boosting;EXPERIMENTAL;"PREVISAO estatistica, sem evidencia documental; requer verificacao por farmaceutico"
A_PONTO_CEGO;187;metformina;estetrol monoidratado;A10BA02;G03CA10;0.8518;0.8443;m1_existencia_interacao;1.0-boosting;EXPERIMENTAL;"PREVISAO estatistica, sem evidencia documental; requer verificacao por farmaceutico"
A_PONTO_CEGO;188;nitrazepam;oxomemazina;N05CD02;R06AD08;0.8518;0.8523;m1_existencia_interacao;1.0-boosting;EXPERIMENTAL;"PREVISAO estatistica, sem evidencia documental; requer verificacao por farmaceutico"
A_PONTO_CEGO;189;finerenona;repaglinida;C03DA05;A10BX02;0.8518;0.8457;m1_existencia_interacao;1.0-boosting;EXPERIMENTAL;"PREVISAO estatistica, sem evidencia documental; requer verificacao por farmaceutico"
A_PONTO_CEGO;190;fludroxicortida;glimepirida;D07AC07;A10BB12;0.8516;0.8399;m1_existencia_interacao;1.0-boosting;EXPERIMENTAL;"PREVISAO estatistica, sem evidencia documental; requer verificacao por farmaceutico"
A_PONTO_CEGO;191;eculizumabe;tofacitinibe;L04AJ01;L04AF01;0.8514;0.8396;m1_existencia_interacao;1.0-boosting;EXPERIMENTAL;"PREVISAO estatistica, sem evidencia documental; requer verificacao por farmaceutico"
A_PONTO_CEGO;192;avacopana;fingolimode;L04AJ05;L04AE01;0.8512;0.8395;m1_existencia_interacao;1.0-boosting;EXPERIMENTAL;"PREVISAO estatistica, sem evidencia documental; requer verificacao por farmaceutico"
A_PONTO_CEGO;193;desloratadina;meclozina;R06AX27;R06AE05;0.8512;0.8394;m1_existencia_interacao;1.0-boosting;EXPERIMENTAL;"PREVISAO estatistica, sem evidencia documental; requer verificacao por farmaceutico"
A_PONTO_CEGO;194;flufenazina;maleato de clorfenamina;N05AB02;R06AB04;0.8508;0.8390;m1_existencia_interacao;1.0-boosting;EXPERIMENTAL;"PREVISAO estatistica, sem evidencia documental; requer verificacao por farmaceutico"
A_PONTO_CEGO;195;buspirona;oleato de monoetanolamina;N05BE01;C05BB01;0.8497;0.8379;m1_existencia_interacao;1.0-boosting;EXPERIMENTAL;"PREVISAO estatistica, sem evidencia documental; requer verificacao por farmaceutico"
A_PONTO_CEGO;196;empagliflozina;fludroxicortida;A10BK03;D07AC07;0.8495;0.8377;m1_existencia_interacao;1.0-boosting;EXPERIMENTAL;"PREVISAO estatistica, sem evidencia documental; requer verificacao por farmaceutico"
A_PONTO_CEGO;197;acarbose;clormadinona;A10BF01;G03DB06;0.8494;0.8376;m1_existencia_interacao;1.0-boosting;EXPERIMENTAL;"PREVISAO estatistica, sem evidencia documental; requer verificacao por farmaceutico"
A_PONTO_CEGO;198;insulina detemir;clormadinona;A10AE05;G03DB06;0.8494;0.8376;m1_existencia_interacao;1.0-boosting;EXPERIMENTAL;"PREVISAO estatistica, sem evidencia documental; requer verificacao por farmaceutico"
A_PONTO_CEGO;199;meclozina;prednisolona;R06AE05;A01AC04;0.8486;0.8368;m1_existencia_interacao;1.0-boosting;EXPERIMENTAL;"PREVISAO estatistica, sem evidencia documental; requer verificacao por farmaceutico"
A_PONTO_CEGO;200;eculizumabe;ciclosporina;L04AJ01;L04AD01;0.8484;0.8366;m1_existencia_interacao;1.0-boosting;EXPERIMENTAL;"PREVISAO estatistica, sem evidencia documental; requer verificacao por farmaceutico"
A_PONTO_CEGO;201;avacopana;leflunomida;L04AJ05;L04AK01;0.8480;0.8362;m1_existencia_interacao;1.0-boosting;EXPERIMENTAL;"PREVISAO estatistica, sem evidencia documental; requer verificacao por farmaceutico"
A_PONTO_CEGO;202;azatioprina;espesolimabe;L04AX01;L04AC22;0.8479;0.8361;m1_existencia_interacao;1.0-boosting;EXPERIMENTAL;"PREVISAO estatistica, sem evidencia documental; requer verificacao por farmaceutico"
A_PONTO_CEGO;203;fingolimode;ublituximabe;L04AE01;L04AG14;0.8479;0.8361;m1_existencia_interacao;1.0-boosting;EXPERIMENTAL;"PREVISAO estatistica, sem evidencia documental; requer verificacao por farmaceutico"
A_PONTO_CEGO;204;fingolimode;nerandomilaste;L04AE01;L04AA61;0.8479;0.8361;m1_existencia_interacao;1.0-boosting;EXPERIMENTAL;"PREVISAO estatistica, sem evidencia documental; requer verificacao por farmaceutico"
A_PONTO_CEGO;205;fingolimode;rozanolixizumabe;L04AE01;L04AL02;0.8479;0.8361;m1_existencia_interacao;1.0-boosting;EXPERIMENTAL;"PREVISAO estatistica, sem evidencia documental; requer verificacao por farmaceutico"
A_PONTO_CEGO;206;etanercepte;etrasimode;L04AB01;L04AE05;0.8479;0.8361;m1_existencia_interacao;1.0-boosting;EXPERIMENTAL;"PREVISAO estatistica, sem evidencia documental; requer verificacao por farmaceutico"
A_PONTO_CEGO;207;bisoprolol;vericiguate;C07AB07;C01DX22;0.8459;0.8340;m1_existencia_interacao;1.0-boosting;EXPERIMENTAL;"PREVISAO estatistica, sem evidencia documental; requer verificacao por farmaceutico"
A_PONTO_CEGO;208;infliximabe;espesolimabe;L04AB02;L04AC22;0.8453;0.8335;m1_existencia_interacao;1.0-boosting;EXPERIMENTAL;"PREVISAO estatistica, sem evidencia documental; requer verificacao por farmaceutico"
A_PONTO_CEGO;209;ebastina;paroxetina;R06AX22;N06AB05;0.8451;0.8333;m1_existencia_interacao;1.0-boosting;EXPERIMENTAL;"PREVISAO estatistica, sem evidencia documental; requer verificacao por farmaceutico"
A_PONTO_CEGO;210;etrasimode;leflunomida;L04AE05;L04AK01;0.8450;0.8332;m1_existencia_interacao;1.0-boosting;EXPERIMENTAL;"PREVISAO estatistica, sem evidencia documental; requer verificacao por farmaceutico"
A_PONTO_CEGO;211;azatioprina;rozanolixizumabe;L04AX01;L04AL02;0.8446;0.8328;m1_existencia_interacao;1.0-boosting;EXPERIMENTAL;"PREVISAO estatistica, sem evidencia documental; requer verificacao por farmaceutico"
A_PONTO_CEGO;212;azatioprina;ublituximabe;L04AX01;L04AG14;0.8446;0.8328;m1_existencia_interacao;1.0-boosting;EXPERIMENTAL;"PREVISAO estatistica, sem evidencia documental; requer verificacao por farmaceutico"
A_PONTO_CEGO;213;azatioprina;nerandomilaste;L04AX01;L04AA61;0.8446;0.8328;m1_existencia_interacao;1.0-boosting;EXPERIMENTAL;"PREVISAO estatistica, sem evidencia documental; requer verificacao por farmaceutico"
A_PONTO_CEGO;214;adalimumabe;eculizumabe;L04AB04;L04AJ01;0.8444;0.8325;m1_existencia_interacao;1.0-boosting;EXPERIMENTAL;"PREVISAO estatistica, sem evidencia documental; requer verificacao por farmaceutico"
A_PONTO_CEGO;215;carvedilol;vericiguate;C07AG02;C01DX22;0.8442;0.8323;m1_existencia_interacao;1.0-boosting;EXPERIMENTAL;"PREVISAO estatistica, sem evidencia documental; requer verificacao por farmaceutico"
A_PONTO_CEGO;216;nebivolol;vericiguate;C07AB12;C01DX22;0.8435;0.8317;m1_existencia_interacao;1.0-boosting;EXPERIMENTAL;"PREVISAO estatistica, sem evidencia documental; requer verificacao por farmaceutico"
A_PONTO_CEGO;217;meclozina;omeprazol;R06AE05;A02BC01;0.8431;0.8312;m1_existencia_interacao;1.0-boosting;EXPERIMENTAL;"PREVISAO estatistica, sem evidencia documental; requer verificacao por farmaceutico"
A_PONTO_CEGO;218;fingolimode;ravulizumabe;L04AE01;L04AJ02;0.8431;0.8312;m1_existencia_interacao;1.0-boosting;EXPERIMENTAL;"PREVISAO estatistica, sem evidencia documental; requer verificacao por farmaceutico"
A_PONTO_CEGO;219;deucravacitinibe;etanercepte;L04AF07;L04AB01;0.8431;0.8312;m1_existencia_interacao;1.0-boosting;EXPERIMENTAL;"PREVISAO estatistica, sem evidencia documental; requer verificacao por farmaceutico"
A_PONTO_CEGO;220;danicopana;etanercepte;L04AJ09;L04AB01;0.8431;0.8312;m1_existencia_interacao;1.0-boosting;EXPERIMENTAL;"PREVISAO estatistica, sem evidencia documental; requer verificacao por farmaceutico"
A_PONTO_CEGO;221;azatioprina;eculizumabe;L04AX01;L04AJ01;0.8430;0.8311;m1_existencia_interacao;1.0-boosting;EXPERIMENTAL;"PREVISAO estatistica, sem evidencia documental; requer verificacao por farmaceutico"
A_PONTO_CEGO;222;leflunomida;ublituximabe;L04AK01;L04AG14;0.8429;0.8310;m1_existencia_interacao;1.0-boosting;EXPERIMENTAL;"PREVISAO estatistica, sem evidencia documental; requer verificacao por farmaceutico"
A_PONTO_CEGO;223;leflunomida;rozanolixizumabe;L04AK01;L04AL02;0.8429;0.8310;m1_existencia_interacao;1.0-boosting;EXPERIMENTAL;"PREVISAO estatistica, sem evidencia documental; requer verificacao por farmaceutico"
A_PONTO_CEGO;224;leflunomida;nerandomilaste;L04AK01;L04AA61;0.8429;0.8310;m1_existencia_interacao;1.0-boosting;EXPERIMENTAL;"PREVISAO estatistica, sem evidencia documental; requer verificacao por farmaceutico"
A_PONTO_CEGO;225;fenitoína;fludroxicortida;N03AB02;D07AC07;0.8428;0.8309;m1_existencia_interacao;1.0-boosting;EXPERIMENTAL;"PREVISAO estatistica, sem evidencia documental; requer verificacao por farmaceutico"
A_PONTO_CEGO;226;cloreto de benzetônio;midazolam;D08AJ08;N05CD08;0.8424;0.8306;m1_existencia_interacao;1.0-boosting;EXPERIMENTAL;"PREVISAO estatistica, sem evidencia documental; requer verificacao por farmaceutico"
A_PONTO_CEGO;227;levonorgestrel;tirzepatida;G03AC03;A10BX16;0.8423;0.8304;m1_existencia_interacao;1.0-boosting;EXPERIMENTAL;"PREVISAO estatistica, sem evidencia documental; requer verificacao por farmaceutico"
A_PONTO_CEGO;228;ácido acetilsalicílico;lisina;A01AD05;B05XB03;0.8417;0.8298;m1_existencia_interacao;1.0-boosting;EXPERIMENTAL;"PREVISAO estatistica, sem evidencia documental; requer verificacao por farmaceutico"
A_PONTO_CEGO;229;ebastina;fenitoína;R06AX22;N03AB02;0.8417;0.8298;m1_existencia_interacao;1.0-boosting;EXPERIMENTAL;"PREVISAO estatistica, sem evidencia documental; requer verificacao por farmaceutico"
A_PONTO_CEGO;230;dexametasona;meclozina;A01AC02;R06AE05;0.8416;0.8297;m1_existencia_interacao;1.0-boosting;EXPERIMENTAL;"PREVISAO estatistica, sem evidencia documental; requer verificacao por farmaceutico"
A_PONTO_CEGO;231;meclozina;metronidazol;R06AE05;A01AB17;0.8415;0.8296;m1_existencia_interacao;1.0-boosting;EXPERIMENTAL;"PREVISAO estatistica, sem evidencia documental; requer verificacao por farmaceutico"
A_PONTO_CEGO;232;metilprednisolona;tirzepatida;D07AA01;A10BX16;0.8409;0.8290;m1_existencia_interacao;1.0-boosting;EXPERIMENTAL;"PREVISAO estatistica, sem evidencia documental; requer verificacao por farmaceutico"
A_PONTO_CEGO;233;clopidogrel;meclozina;B01AC04;R06AE05;0.8406;0.8287;m1_existencia_interacao;1.0-boosting;EXPERIMENTAL;"PREVISAO estatistica, sem evidencia documental; requer verificacao por farmaceutico"
A_PONTO_CEGO;234;oxomemazina;ziprasidona;R06AD08;N05AE04;0.8402;0.8283;m1_existencia_interacao;1.0-boosting;EXPERIMENTAL;"PREVISAO estatistica, sem evidencia documental; requer verificacao por farmaceutico"
A_PONTO_CEGO;235;oxomemazina;zuclopentixol;R06AD08;N05AF05;0.8401;0.8282;m1_existencia_interacao;1.0-boosting;EXPERIMENTAL;"PREVISAO estatistica, sem evidencia documental; requer verificacao por farmaceutico"
A_PONTO_CEGO;236;oxomemazina;estiripentol;R06AD08;N03AX17;0.8396;0.8277;m1_existencia_interacao;1.0-boosting;EXPERIMENTAL;"PREVISAO estatistica, sem evidencia documental; requer verificacao por farmaceutico"
A_PONTO_CEGO;237;propranolol;vericiguate;C07AA05;C01DX22;0.8395;0.8276;m1_existencia_interacao;1.0-boosting;EXPERIMENTAL;"PREVISAO estatistica, sem evidencia documental; requer verificacao por farmaceutico"
A_PONTO_CEGO;238;metoprolol;vericiguate;C07AB02;C01DX22;0.8395;0.8276;m1_existencia_interacao;1.0-boosting;EXPERIMENTAL;"PREVISAO estatistica, sem evidencia documental; requer verificacao por farmaceutico"
A_PONTO_CEGO;239;clozapina;oxomemazina;N05AH02;R06AD08;0.8392;0.8273;m1_existencia_interacao;1.0-boosting;EXPERIMENTAL;"PREVISAO estatistica, sem evidencia documental; requer verificacao por farmaceutico"
A_PONTO_CEGO;240;adalimumabe;espesolimabe;L04AB04;L04AC22;0.8391;0.8272;m1_existencia_interacao;1.0-boosting;EXPERIMENTAL;"PREVISAO estatistica, sem evidencia documental; requer verificacao por farmaceutico"
A_PONTO_CEGO;241;dobesilato de cálcio;hidroxizina;C05BX01;N05BB01;0.8380;0.8261;m1_existencia_interacao;1.0-boosting;EXPERIMENTAL;"PREVISAO estatistica, sem evidencia documental; requer verificacao por farmaceutico"
A_PONTO_CEGO;242;iptacopana;leflunomida;L04AJ08;L04AK01;0.8379;0.8260;m1_existencia_interacao;1.0-boosting;EXPERIMENTAL;"PREVISAO estatistica, sem evidencia documental; requer verificacao por farmaceutico"
A_PONTO_CEGO;243;sotalol;vericiguate;C07AA07;C01DX22;0.8377;0.8257;m1_existencia_interacao;1.0-boosting;EXPERIMENTAL;"PREVISAO estatistica, sem evidencia documental; requer verificacao por farmaceutico"
A_PONTO_CEGO;244;maleato de clorfenamina;estiripentol;R06AB04;N03AX17;0.8372;0.8253;m1_existencia_interacao;1.0-boosting;EXPERIMENTAL;"PREVISAO estatistica, sem evidencia documental; requer verificacao por farmaceutico"
A_PONTO_CEGO;245;dapagliflozina;fludroxicortida;A10BK01;D07AC07;0.8372;0.8253;m1_existencia_interacao;1.0-boosting;EXPERIMENTAL;"PREVISAO estatistica, sem evidencia documental; requer verificacao por farmaceutico"
A_PONTO_CEGO;246;bilastina;metronidazol;R06AX29;A01AB17;0.8362;0.8243;m1_existencia_interacao;1.0-boosting;EXPERIMENTAL;"PREVISAO estatistica, sem evidencia documental; requer verificacao por farmaceutico"
A_PONTO_CEGO;247;dexametasona;dipirona;A01AC02;N02BB02;0.8357;0.8237;m1_existencia_interacao;1.0-boosting;EXPERIMENTAL;"PREVISAO estatistica, sem evidencia documental; requer verificacao por farmaceutico"
A_PONTO_CEGO;248;etrasimode;infliximabe;L04AE05;L04AB02;0.8357;0.8237;m1_existencia_interacao;1.0-boosting;EXPERIMENTAL;"PREVISAO estatistica, sem evidencia documental; requer verificacao por farmaceutico"
A_PONTO_CEGO;249;ciclosporina;espesolimabe;L04AD01;L04AC22;0.8353;0.8234;m1_existencia_interacao;1.0-boosting;EXPERIMENTAL;"PREVISAO estatistica, sem evidencia documental; requer verificacao por farmaceutico"
A_PONTO_CEGO;250;mometasona;tirzepatida;D07AC13;A10BX16;0.8350;0.8230;m1_existencia_interacao;1.0-boosting;EXPERIMENTAL;"PREVISAO estatistica, sem evidencia documental; requer verificacao por farmaceutico"
A_PONTO_CEGO;251;midazolam;oxomemazina;N05CD08;R06AD08;0.8347;0.8228;m1_existencia_interacao;1.0-boosting;EXPERIMENTAL;"PREVISAO estatistica, sem evidencia documental; requer verificacao por farmaceutico"
A_PONTO_CEGO;252;carvedilol;sacubitril valsartana sódica hidratada;C07AG02;C09DX04;0.8317;0.8199;m1_existencia_interacao;1.0-boosting;EXPERIMENTAL;"PREVISAO estatistica, sem evidencia documental; requer verificacao por farmaceutico"
A_PONTO_CEGO;253;hidroclorotiazida;insulina icodeca;C03AA03;A10AE07;0.8310;0.8196;m1_existencia_interacao;1.0-boosting;EXPERIMENTAL;"PREVISAO estatistica, sem evidencia documental; requer verificacao por farmaceutico"
A_PONTO_CEGO;254;danicopana;infliximabe;L04AJ09;L04AB02;0.8285;0.8186;m1_existencia_interacao;1.0-boosting;EXPERIMENTAL;"PREVISAO estatistica, sem evidencia documental; requer verificacao por farmaceutico"
A_PONTO_CEGO;255;deucravacitinibe;infliximabe;L04AF07;L04AB02;0.8285;0.8186;m1_existencia_interacao;1.0-boosting;EXPERIMENTAL;"PREVISAO estatistica, sem evidencia documental; requer verificacao por farmaceutico"
A_PONTO_CEGO;256;eritromicina;fumarato de vonoprazana;D10AF02;A02BC08;0.8258;0.8174;m1_existencia_interacao;1.0-boosting;EXPERIMENTAL;"PREVISAO estatistica, sem evidencia documental; requer verificacao por farmaceutico"
A_PONTO_CEGO;257;lansoprazol;fumarato de vonoprazana;A02BC03;A02BC08;0.8254;0.8173;m1_existencia_interacao;1.0-boosting;EXPERIMENTAL;"PREVISAO estatistica, sem evidencia documental; requer verificacao por farmaceutico"
A_PONTO_CEGO;258;bilastina;bronfeniramina;R06AX29;R06AB01;0.8251;0.8171;m1_existencia_interacao;1.0-boosting;EXPERIMENTAL;"PREVISAO estatistica, sem evidencia documental; requer verificacao por farmaceutico"
A_PONTO_CEGO;259;tartarato de evogliptina;metilprednisolona;A10BH07;D07AA01;0.8237;0.8166;m1_existencia_interacao;1.0-boosting;EXPERIMENTAL;"PREVISAO estatistica, sem evidencia documental; requer verificacao por farmaceutico"
A_PONTO_CEGO;260;cloridrato de asciminibe;bosutinibe monoidratado;L01EA06;L01EA04;0.8234;0.8164;m1_existencia_interacao;1.0-boosting;EXPERIMENTAL;"PREVISAO estatistica, sem evidencia documental; requer verificacao por farmaceutico"
A_PONTO_CEGO;261;danicopana;ciclosporina;L04AJ09;L04AD01;0.8218;0.8158;m1_existencia_interacao;1.0-boosting;EXPERIMENTAL;"PREVISAO estatistica, sem evidencia documental; requer verificacao por farmaceutico"
A_PONTO_CEGO;262;deucravacitinibe;ciclosporina;L04AF07;L04AD01;0.8218;0.8158;m1_existencia_interacao;1.0-boosting;EXPERIMENTAL;"PREVISAO estatistica, sem evidencia documental; requer verificacao por farmaceutico"
A_PONTO_CEGO;263;dexametasona;lisina;A01AC02;B05XB03;0.8196;0.8149;m1_existencia_interacao;1.0-boosting;EXPERIMENTAL;"PREVISAO estatistica, sem evidencia documental; requer verificacao por farmaceutico"
A_PONTO_CEGO;264;bilastina;paroxetina;R06AX29;N06AB05;0.8188;0.8145;m1_existencia_interacao;1.0-boosting;EXPERIMENTAL;"PREVISAO estatistica, sem evidencia documental; requer verificacao por farmaceutico"
A_PONTO_CEGO;265;deucravacitinibe;tofacitinibe;L04AF07;L04AF01;0.8161;0.8134;m1_existencia_interacao;1.0-boosting;EXPERIMENTAL;"PREVISAO estatistica, sem evidencia documental; requer verificacao por farmaceutico"
A_PONTO_CEGO;266;capivasertibe;cloridrato de pazopanibe;L01EX27;L01EX03;0.8146;0.8128;m1_existencia_interacao;1.0-boosting;EXPERIMENTAL;"PREVISAO estatistica, sem evidencia documental; requer verificacao por farmaceutico"
A_PONTO_CEGO;267;claritromicina;meclozina;J01FA09;R06AE05;0.8137;0.8124;m1_existencia_interacao;1.0-boosting;EXPERIMENTAL;"PREVISAO estatistica, sem evidencia documental; requer verificacao por farmaceutico"
A_PONTO_CEGO;268;eritromicina;lenacapavir;D10AF02;J05AX31;0.8130;0.8121;m1_existencia_interacao;1.0-boosting;EXPERIMENTAL;"PREVISAO estatistica, sem evidencia documental; requer verificacao por farmaceutico"
A_PONTO_CEGO;269;bilastina;celecoxibe;R06AX29;L01XX33;0.8129;0.8121;m1_existencia_interacao;1.0-boosting;EXPERIMENTAL;"PREVISAO estatistica, sem evidencia documental; requer verificacao por farmaceutico"
A_PONTO_CEGO;270;hidroxizina;polidocanol;N05BB01;C05BB02;0.8110;0.8113;m1_existencia_interacao;1.0-boosting;EXPERIMENTAL;"PREVISAO estatistica, sem evidencia documental; requer verificacao por farmaceutico"
A_PONTO_CEGO;271;avacopana;tofacitinibe;L04AJ05;L04AF01;0.8078;0.8100;m1_existencia_interacao;1.0-boosting;EXPERIMENTAL;"PREVISAO estatistica, sem evidencia documental; requer verificacao por farmaceutico"
A_PONTO_CEGO;272;atosibana;dexametasona;G02CX01;A01AC02;0.8060;0.8092;m1_existencia_interacao;1.0-boosting;EXPERIMENTAL;"PREVISAO estatistica, sem evidencia documental; requer verificacao por farmaceutico"
A_PONTO_CEGO;273;dipirona;omeprazol;N02BB02;A02BC01;0.8055;0.8090;m1_existencia_interacao;1.0-boosting;EXPERIMENTAL;"PREVISAO estatistica, sem evidencia documental; requer verificacao por farmaceutico"
A_PONTO_CEGO;274;betaína;dexametasona;A09AB02;A01AC02;0.8052;0.8089;m1_existencia_interacao;1.0-boosting;EXPERIMENTAL;"PREVISAO estatistica, sem evidencia documental; requer verificacao por farmaceutico"
A_PONTO_CEGO;275;medroxiprogesterona;tirzepatida;G03AC06;A10BX16;0.8042;0.8085;m1_existencia_interacao;1.0-boosting;EXPERIMENTAL;"PREVISAO estatistica, sem evidencia documental; requer verificacao por farmaceutico"
A_PONTO_CEGO;276;policresuleno;estazolam;D08AE02;N05CD04;0.8036;0.8082;m1_existencia_interacao;1.0-boosting;EXPERIMENTAL;"PREVISAO estatistica, sem evidencia documental; requer verificacao por farmaceutico"
A_PONTO_CEGO;277;clortalidona;tirzepatida;C03BA04;A10BX16;0.7994;0.8065;m1_existencia_interacao;1.0-boosting;EXPERIMENTAL;"PREVISAO estatistica, sem evidencia documental; requer verificacao por farmaceutico"
A_PONTO_CEGO;278;paroxetina;fumarato de vonoprazana;N06AB05;A02BC08;0.7959;0.8050;m1_existencia_interacao;1.0-boosting;EXPERIMENTAL;"PREVISAO estatistica, sem evidencia documental; requer verificacao por farmaceutico"
A_PONTO_CEGO;279;mesilato de belumosudil;itraconazol;L04AA48;J02AC02;0.7921;0.8034;m1_existencia_interacao;1.0-boosting;EXPERIMENTAL;"PREVISAO estatistica, sem evidencia documental; requer verificacao por farmaceutico"
A_PONTO_CEGO;280;clopidogrel;lenacapavir;B01AC04;J05AX31;0.7903;0.8027;m1_existencia_interacao;1.0-boosting;EXPERIMENTAL;"PREVISAO estatistica, sem evidencia documental; requer verificacao por farmaceutico"
A_PONTO_CEGO;281;avacopana;danicopana;L04AJ05;L04AJ09;0.7887;0.8020;m1_existencia_interacao;1.0-boosting;EXPERIMENTAL;"PREVISAO estatistica, sem evidencia documental; requer verificacao por farmaceutico"
A_PONTO_CEGO;282;adalimumabe;danicopana;L04AB04;L04AJ09;0.7882;0.8018;m1_existencia_interacao;1.0-boosting;EXPERIMENTAL;"PREVISAO estatistica, sem evidencia documental; requer verificacao por farmaceutico"
A_PONTO_CEGO;283;adalimumabe;deucravacitinibe;L04AB04;L04AF07;0.7882;0.8018;m1_existencia_interacao;1.0-boosting;EXPERIMENTAL;"PREVISAO estatistica, sem evidencia documental; requer verificacao por farmaceutico"
A_PONTO_CEGO;284;lenacapavir;pantoprazol;J05AX31;A02BC02;0.7868;0.8013;m1_existencia_interacao;1.0-boosting;EXPERIMENTAL;"PREVISAO estatistica, sem evidencia documental; requer verificacao por farmaceutico"
A_PONTO_CEGO;285;finerenona;verapamil;C03DA05;C08DA01;0.7859;0.8009;m1_existencia_interacao;1.0-boosting;EXPERIMENTAL;"PREVISAO estatistica, sem evidencia documental; requer verificacao por farmaceutico"
A_PONTO_CEGO;286;claritromicina;fumarato de vonoprazana;J01FA09;A02BC08;0.7829;0.7984;m1_existencia_interacao;1.0-boosting;EXPERIMENTAL;"PREVISAO estatistica, sem evidencia documental; requer verificacao por farmaceutico"
A_PONTO_CEGO;287;lansoprazol;vosoritida;A02BC03;M05BX07;0.7826;0.7978;m1_existencia_interacao;1.0-boosting;EXPERIMENTAL;"PREVISAO estatistica, sem evidencia documental; requer verificacao por farmaceutico"
A_PONTO_CEGO;288;fenitoína;maleato de clorfenamina;N03AB02;R06AB04;0.7813;0.7955;m1_existencia_interacao;1.0-boosting;EXPERIMENTAL;"PREVISAO estatistica, sem evidencia documental; requer verificacao por farmaceutico"
A_PONTO_CEGO;289;aripiprazol;trimebutina;N05AX12;A03AA05;0.7807;0.7945;m1_existencia_interacao;1.0-boosting;EXPERIMENTAL;"PREVISAO estatistica, sem evidencia documental; requer verificacao por farmaceutico"
A_PONTO_CEGO;290;mesilato de belumosudil;eritromicina;L04AA48;D10AF02;0.7805;0.7941;m1_existencia_interacao;1.0-boosting;EXPERIMENTAL;"PREVISAO estatistica, sem evidencia documental; requer verificacao por farmaceutico"
A_PONTO_CEGO;291;avacopana;ciclosporina;L04AJ05;L04AD01;0.7800;0.7932;m1_existencia_interacao;1.0-boosting;EXPERIMENTAL;"PREVISAO estatistica, sem evidencia documental; requer verificacao por farmaceutico"
A_PONTO_CEGO;292;betaína;prednisolona;A09AB02;A01AC04;0.7799;0.7930;m1_existencia_interacao;1.0-boosting;EXPERIMENTAL;"PREVISAO estatistica, sem evidencia documental; requer verificacao por farmaceutico"
A_PONTO_CEGO;293;atosibana;prednisolona;G02CX01;A01AC04;0.7797;0.7926;m1_existencia_interacao;1.0-boosting;EXPERIMENTAL;"PREVISAO estatistica, sem evidencia documental; requer verificacao por farmaceutico"
A_PONTO_CEGO;294;maleato de clorfenamina;nitrazepam;R06AB04;N05CD02;0.7788;0.7909;m1_existencia_interacao;1.0-boosting;EXPERIMENTAL;"PREVISAO estatistica, sem evidencia documental; requer verificacao por farmaceutico"
A_PONTO_CEGO;295;danicopana;tofacitinibe;L04AJ09;L04AF01;0.7785;0.7904;m1_existencia_interacao;1.0-boosting;EXPERIMENTAL;"PREVISAO estatistica, sem evidencia documental; requer verificacao por farmaceutico"
A_PONTO_CEGO;296;lenacapavir;paroxetina;J05AX31;N06AB05;0.7783;0.7902;m1_existencia_interacao;1.0-boosting;EXPERIMENTAL;"PREVISAO estatistica, sem evidencia documental; requer verificacao por farmaceutico"
A_PONTO_CEGO;297;avacopana;canaquinumabe;L04AJ05;L04AC08;0.7783;0.7901;m1_existencia_interacao;1.0-boosting;EXPERIMENTAL;"PREVISAO estatistica, sem evidencia documental; requer verificacao por farmaceutico"
A_PONTO_CEGO;298;metoprolol;sacubitril valsartana sódica hidratada;C07AB02;C09DX04;0.7777;0.7890;m1_existencia_interacao;1.0-boosting;EXPERIMENTAL;"PREVISAO estatistica, sem evidencia documental; requer verificacao por farmaceutico"
A_PONTO_CEGO;299;propranolol;sacubitril valsartana sódica hidratada;C07AA05;C09DX04;0.7777;0.7890;m1_existencia_interacao;1.0-boosting;EXPERIMENTAL;"PREVISAO estatistica, sem evidencia documental; requer verificacao por farmaceutico"
A_PONTO_CEGO;300;cloridrato de asciminibe;nilotinibe;L01EA06;L01EA03;0.7772;0.7881;m1_existencia_interacao;1.0-boosting;EXPERIMENTAL;"PREVISAO estatistica, sem evidencia documental; requer verificacao por farmaceutico"
B_LACUNA_DE_FONTE;1;mometasona;prednisolona;D07AC13;A01AC04;0.9960;0.9587;m1_existencia_interacao;1.0-boosting;EXPERIMENTAL;"PREVISAO estatistica, sem evidencia documental; requer verificacao por farmaceutico"
B_LACUNA_DE_FONTE;2;esomeprazol;metronidazol;A02BC05;A01AB17;0.9945;0.9583;m1_existencia_interacao;1.0-boosting;EXPERIMENTAL;"PREVISAO estatistica, sem evidencia documental; requer verificacao por farmaceutico"
B_LACUNA_DE_FONTE;3;esomeprazol;prednisolona;A02BC05;A01AC04;0.9800;0.9537;m1_existencia_interacao;1.0-boosting;EXPERIMENTAL;"PREVISAO estatistica, sem evidencia documental; requer verificacao por farmaceutico"
B_LACUNA_DE_FONTE;4;dexametasona;esomeprazol;A01AC02;A02BC05;0.9650;0.9489;m1_existencia_interacao;1.0-boosting;EXPERIMENTAL;"PREVISAO estatistica, sem evidencia documental; requer verificacao por farmaceutico"
B_LACUNA_DE_FONTE;5;dexametasona;mometasona;A01AC02;D07AC13;0.9636;0.9485;m1_existencia_interacao;1.0-boosting;EXPERIMENTAL;"PREVISAO estatistica, sem evidencia documental; requer verificacao por farmaceutico"
B_LACUNA_DE_FONTE;6;desvenlafaxina;metronidazol;N06AX23;A01AB17;0.9572;0.9465;m1_existencia_interacao;1.0-boosting;EXPERIMENTAL;"PREVISAO estatistica, sem evidencia documental; requer verificacao por farmaceutico"
B_LACUNA_DE_FONTE;7;etoricoxibe;metronidazol;M01AH05;A01AB17;0.9554;0.9459;m1_existencia_interacao;1.0-boosting;EXPERIMENTAL;"PREVISAO estatistica, sem evidencia documental; requer verificacao por farmaceutico"
B_LACUNA_DE_FONTE;8;clioquinol;lemborexante;D08AH30;N05CJ02;0.9491;0.9439;m1_existencia_interacao;1.0-boosting;EXPERIMENTAL;"PREVISAO estatistica, sem evidencia documental; requer verificacao por farmaceutico"
B_LACUNA_DE_FONTE;9;clioquinol;periciazina;D08AH30;N05AC01;0.9466;0.9431;m1_existencia_interacao;1.0-boosting;EXPERIMENTAL;"PREVISAO estatistica, sem evidencia documental; requer verificacao por farmaceutico"
B_LACUNA_DE_FONTE;10;prednisolona;trazodona;A01AC04;N06AX05;0.9367;0.9134;m1_existencia_interacao;1.0-boosting;EXPERIMENTAL;"PREVISAO estatistica, sem evidencia documental; requer verificacao por farmaceutico"
B_LACUNA_DE_FONTE;11;amissulprida;clioquinol;N05AL05;D08AH30;0.9367;0.9350;m1_existencia_interacao;1.0-boosting;EXPERIMENTAL;"PREVISAO estatistica, sem evidencia documental; requer verificacao por farmaceutico"
B_LACUNA_DE_FONTE;12;cenobamato;estiripentol;N03AX25;N03AX17;0.9367;0.9038;m1_existencia_interacao;1.0-boosting;EXPERIMENTAL;"PREVISAO estatistica, sem evidencia documental; requer verificacao por farmaceutico"
B_LACUNA_DE_FONTE;13;desonida;prednisolona;D07AB08;A01AC04;0.9367;0.9019;m1_existencia_interacao;1.0-boosting;EXPERIMENTAL;"PREVISAO estatistica, sem evidencia documental; requer verificacao por farmaceutico"
B_LACUNA_DE_FONTE;14;esomeprazol;celecoxibe;A02BC05;L01XX33;0.9367;0.9284;m1_existencia_interacao;1.0-boosting;EXPERIMENTAL;"PREVISAO estatistica, sem evidencia documental; requer verificacao por farmaceutico"
B_LACUNA_DE_FONTE;15;clioquinol;clordiazepóxido;D08AH30;N05BA02;0.9367;0.9249;m1_existencia_interacao;1.0-boosting;EXPERIMENTAL;"PREVISAO estatistica, sem evidencia documental; requer verificacao por farmaceutico"
B_LACUNA_DE_FONTE;16;esomeprazol;paroxetina;A02BC05;N06AB05;0.9367;0.9277;m1_existencia_interacao;1.0-boosting;EXPERIMENTAL;"PREVISAO estatistica, sem evidencia documental; requer verificacao por farmaceutico"
B_LACUNA_DE_FONTE;17;anastrozol;fluconazol;L02BG03;D01AC15;0.9367;0.9006;m1_existencia_interacao;1.0-boosting;EXPERIMENTAL;"PREVISAO estatistica, sem evidencia documental; requer verificacao por farmaceutico"
B_LACUNA_DE_FONTE;18;levofloxacino;omeprazol;J01MA12;A02BC01;0.9367;0.9268;m1_existencia_interacao;1.0-boosting;EXPERIMENTAL;"PREVISAO estatistica, sem evidencia documental; requer verificacao por farmaceutico"
B_LACUNA_DE_FONTE;19;clortalidona;metronidazol;C03BA04;A01AB17;0.9367;0.9037;m1_existencia_interacao;1.0-boosting;EXPERIMENTAL;"PREVISAO estatistica, sem evidencia documental; requer verificacao por farmaceutico"
B_LACUNA_DE_FONTE;20;fenilbutazona;clopidogrel;M01AA01;B01AC04;0.9367;0.9021;m1_existencia_interacao;1.0-boosting;EXPERIMENTAL;"PREVISAO estatistica, sem evidencia documental; requer verificacao por farmaceutico"
B_LACUNA_DE_FONTE;21;betametasona;metilprednisolona;A07EA04;D07AA01;0.9367;0.9215;m1_existencia_interacao;1.0-boosting;EXPERIMENTAL;"PREVISAO estatistica, sem evidencia documental; requer verificacao por farmaceutico"
B_LACUNA_DE_FONTE;22;clomifeno;metformina;G03GB02;A10BA02;0.9367;0.9128;m1_existencia_interacao;1.0-boosting;EXPERIMENTAL;"PREVISAO estatistica, sem evidencia documental; requer verificacao por farmaceutico"
B_LACUNA_DE_FONTE;23;mometasona;ondansetrona;D07AC13;A04AA01;0.9367;0.9150;m1_existencia_interacao;1.0-boosting;EXPERIMENTAL;"PREVISAO estatistica, sem evidencia documental; requer verificacao por farmaceutico"
B_LACUNA_DE_FONTE;24;betaistina;fluconazol;N07CA01;D01AC15;0.9367;0.9320;m1_existencia_interacao;1.0-boosting;EXPERIMENTAL;"PREVISAO estatistica, sem evidencia documental; requer verificacao por farmaceutico"
B_LACUNA_DE_FONTE;25;clioquinol;estazolam;D08AH30;N05CD04;0.9367;0.9126;m1_existencia_interacao;1.0-boosting;EXPERIMENTAL;"PREVISAO estatistica, sem evidencia documental; requer verificacao por farmaceutico"
B_LACUNA_DE_FONTE;26;metformina;mometasona;A10BA02;D07AC13;0.9367;0.9272;m1_existencia_interacao;1.0-boosting;EXPERIMENTAL;"PREVISAO estatistica, sem evidencia documental; requer verificacao por farmaceutico"
B_LACUNA_DE_FONTE;27;fluocinolona acetonida;hidroxizina;C05AA10;N05BB01;0.9367;0.9085;m1_existencia_interacao;1.0-boosting;EXPERIMENTAL;"PREVISAO estatistica, sem evidencia documental; requer verificacao por farmaceutico"
B_LACUNA_DE_FONTE;28;cetoconazol;cetorolaco;D01AC08;M01AB15;0.9367;0.9303;m1_existencia_interacao;1.0-boosting;EXPERIMENTAL;"PREVISAO estatistica, sem evidencia documental; requer verificacao por farmaceutico"
B_LACUNA_DE_FONTE;29;betametasona;metronidazol;A07EA04;A01AB17;0.9367;0.9083;m1_existencia_interacao;1.0-boosting;EXPERIMENTAL;"PREVISAO estatistica, sem evidencia documental; requer verificacao por farmaceutico"
B_LACUNA_DE_FONTE;30;metformina;tibolona;A10BA02;G03CX01;0.9367;0.9286;m1_existencia_interacao;1.0-boosting;EXPERIMENTAL;"PREVISAO estatistica, sem evidencia documental; requer verificacao por farmaceutico"
B_LACUNA_DE_FONTE;31;cloroquina;tafenoquina;P01BA01;P01BA07;0.9367;0.9046;m1_existencia_interacao;1.0-boosting;EXPERIMENTAL;"PREVISAO estatistica, sem evidencia documental; requer verificacao por farmaceutico"
B_LACUNA_DE_FONTE;32;canabidiol;estiripentol;N03AX24;N03AX17;0.9367;0.9287;m1_existencia_interacao;1.0-boosting;EXPERIMENTAL;"PREVISAO estatistica, sem evidencia documental; requer verificacao por farmaceutico"
B_LACUNA_DE_FONTE;33;cetoconazol;cianocobalamina;D01AC08;B03BA01;0.9367;0.9311;m1_existencia_interacao;1.0-boosting;EXPERIMENTAL;"PREVISAO estatistica, sem evidencia documental; requer verificacao por farmaceutico"
B_LACUNA_DE_FONTE;34;atorvastatina;neomicina;C10AA05;A01AB08;0.9367;0.9160;m1_existencia_interacao;1.0-boosting;EXPERIMENTAL;"PREVISAO estatistica, sem evidencia documental; requer verificacao por farmaceutico"
B_LACUNA_DE_FONTE;35;neomicina;rosuvastatina;A01AB08;C10AA07;0.9367;0.9326;m1_existencia_interacao;1.0-boosting;EXPERIMENTAL;"PREVISAO estatistica, sem evidencia documental; requer verificacao por farmaceutico"
B_LACUNA_DE_FONTE;36;azatioprina;pirfenidona;L04AX01;L04AX05;0.9367;0.9167;m1_existencia_interacao;1.0-boosting;EXPERIMENTAL;"PREVISAO estatistica, sem evidencia documental; requer verificacao por farmaceutico"
B_LACUNA_DE_FONTE;37;diltiazem;droperidol;C05AE03;N05AD08;0.9367;0.9121;m1_existencia_interacao;1.0-boosting;EXPERIMENTAL;"PREVISAO estatistica, sem evidencia documental; requer verificacao por farmaceutico"
B_LACUNA_DE_FONTE;38;mometasona;pantoprazol;D07AC13;A02BC02;0.9367;0.9218;m1_existencia_interacao;1.0-boosting;EXPERIMENTAL;"PREVISAO estatistica, sem evidencia documental; requer verificacao por farmaceutico"
B_LACUNA_DE_FONTE;39;diltiazem;flufenazina;C05AE03;N05AB02;0.9367;0.9077;m1_existencia_interacao;1.0-boosting;EXPERIMENTAL;"PREVISAO estatistica, sem evidencia documental; requer verificacao por farmaceutico"
B_LACUNA_DE_FONTE;40;etoricoxibe;clopidogrel;M01AH05;B01AC04;0.9367;0.9238;m1_existencia_interacao;1.0-boosting;EXPERIMENTAL;"PREVISAO estatistica, sem evidencia documental; requer verificacao por farmaceutico"
B_LACUNA_DE_FONTE;41;diltiazem;hidroxizina;C05AE03;N05BB01;0.9367;0.9279;m1_existencia_interacao;1.0-boosting;EXPERIMENTAL;"PREVISAO estatistica, sem evidencia documental; requer verificacao por farmaceutico"
B_LACUNA_DE_FONTE;42;ibuprofeno;neomicina;C01EB16;A01AB08;0.9367;0.9043;m1_existencia_interacao;1.0-boosting;EXPERIMENTAL;"PREVISAO estatistica, sem evidencia documental; requer verificacao por farmaceutico"
B_LACUNA_DE_FONTE;43;dexametasona;escitalopram;A01AC02;N06AB10;0.9367;0.9064;m1_existencia_interacao;1.0-boosting;EXPERIMENTAL;"PREVISAO estatistica, sem evidencia documental; requer verificacao por farmaceutico"
B_LACUNA_DE_FONTE;44;fluconazol;minoxidil;D01AC15;C02DC01;0.9367;0.9024;m1_existencia_interacao;1.0-boosting;EXPERIMENTAL;"PREVISAO estatistica, sem evidencia documental; requer verificacao por farmaceutico"
B_LACUNA_DE_FONTE;45;metronidazol;mometasona;A01AB17;D07AC13;0.9367;0.9223;m1_existencia_interacao;1.0-boosting;EXPERIMENTAL;"PREVISAO estatistica, sem evidencia documental; requer verificacao por farmaceutico"
B_LACUNA_DE_FONTE;46;mometasona;saxagliptina;D07AC13;A10BH03;0.9367;0.9046;m1_existencia_interacao;1.0-boosting;EXPERIMENTAL;"PREVISAO estatistica, sem evidencia documental; requer verificacao por farmaceutico"
B_LACUNA_DE_FONTE;47;amoxicilina;saquinavir;J01CA04;J05AE01;0.9367;0.9221;m1_existencia_interacao;1.0-boosting;EXPERIMENTAL;"PREVISAO estatistica, sem evidencia documental; requer verificacao por farmaceutico"
B_LACUNA_DE_FONTE;48;flurazepam;clioquinol;N05CD01;D08AH30;0.9367;0.9249;m1_existencia_interacao;1.0-boosting;EXPERIMENTAL;"PREVISAO estatistica, sem evidencia documental; requer verificacao por farmaceutico"
B_LACUNA_DE_FONTE;49;fluconazol;nebivolol;D01AC15;C07AB12;0.9367;0.9166;m1_existencia_interacao;1.0-boosting;EXPERIMENTAL;"PREVISAO estatistica, sem evidencia documental; requer verificacao por farmaceutico"
B_LACUNA_DE_FONTE;50;fluconazol;neomicina;D01AC15;A01AB08;0.9367;0.9376;m1_existencia_interacao;1.0-boosting;EXPERIMENTAL;"PREVISAO estatistica, sem evidencia documental; requer verificacao por farmaceutico"
B_LACUNA_DE_FONTE;51;dexametasona;desvenlafaxina;A01AC02;N06AX23;0.9367;0.9064;m1_existencia_interacao;1.0-boosting;EXPERIMENTAL;"PREVISAO estatistica, sem evidencia documental; requer verificacao por farmaceutico"
B_LACUNA_DE_FONTE;52;amoxicilina;mometasona;J01CA04;D07AC13;0.9367;0.9102;m1_existencia_interacao;1.0-boosting;EXPERIMENTAL;"PREVISAO estatistica, sem evidencia documental; requer verificacao por farmaceutico"
B_LACUNA_DE_FONTE;53;fumarato de dimetila;pirfenidona;L04AX07;L04AX05;0.9367;0.9267;m1_existencia_interacao;1.0-boosting;EXPERIMENTAL;"PREVISAO estatistica, sem evidencia documental; requer verificacao por farmaceutico"
B_LACUNA_DE_FONTE;54;dexametasona;desonida;A01AC02;D07AB08;0.9367;0.9114;m1_existencia_interacao;1.0-boosting;EXPERIMENTAL;"PREVISAO estatistica, sem evidencia documental; requer verificacao por farmaceutico"
B_LACUNA_DE_FONTE;55;prednisolona;escitalopram;A01AC04;N06AB10;0.9346;0.8993;m1_existencia_interacao;1.0-boosting;EXPERIMENTAL;"PREVISAO estatistica, sem evidencia documental; requer verificacao por farmaceutico"
B_LACUNA_DE_FONTE;56;desvenlafaxina;prednisolona;N06AX23;A01AC04;0.9346;0.8993;m1_existencia_interacao;1.0-boosting;EXPERIMENTAL;"PREVISAO estatistica, sem evidencia documental; requer verificacao por farmaceutico"
B_LACUNA_DE_FONTE;57;clotrimazol;levofloxacino;A01AB18;J01MA12;0.9339;0.8991;m1_existencia_interacao;1.0-boosting;EXPERIMENTAL;"PREVISAO estatistica, sem evidencia documental; requer verificacao por farmaceutico"
B_LACUNA_DE_FONTE;58;desloratadina;esomeprazol;R06AX27;A02BC05;0.9334;0.8990;m1_existencia_interacao;1.0-boosting;EXPERIMENTAL;"PREVISAO estatistica, sem evidencia documental; requer verificacao por farmaceutico"
B_LACUNA_DE_FONTE;59;etossuximida;clioquinol;N03AD01;D08AH30;0.9327;0.8987;m1_existencia_interacao;1.0-boosting;EXPERIMENTAL;"PREVISAO estatistica, sem evidencia documental; requer verificacao por farmaceutico"
B_LACUNA_DE_FONTE;60;dexametasona;fenilefrina;A01AC02;C01CA06;0.9324;0.8987;m1_existencia_interacao;1.0-boosting;EXPERIMENTAL;"PREVISAO estatistica, sem evidencia documental; requer verificacao por farmaceutico"
B_LACUNA_DE_FONTE;61;nebivolol;omeprazol;C07AB12;A02BC01;0.9289;0.8976;m1_existencia_interacao;1.0-boosting;EXPERIMENTAL;"PREVISAO estatistica, sem evidencia documental; requer verificacao por farmaceutico"
B_LACUNA_DE_FONTE;62;canabidiol;clioquinol;N03AX24;D08AH30;0.9276;0.8972;m1_existencia_interacao;1.0-boosting;EXPERIMENTAL;"PREVISAO estatistica, sem evidencia documental; requer verificacao por farmaceutico"
B_LACUNA_DE_FONTE;63;remifentanila;rizatriptana;N01AH06;N02CC04;0.9257;0.8966;m1_existencia_interacao;1.0-boosting;EXPERIMENTAL;"PREVISAO estatistica, sem evidencia documental; requer verificacao por farmaceutico"
B_LACUNA_DE_FONTE;64;remifentanila;sumatriptana;N01AH06;N02CC01;0.9257;0.8966;m1_existencia_interacao;1.0-boosting;EXPERIMENTAL;"PREVISAO estatistica, sem evidencia documental; requer verificacao por farmaceutico"
B_LACUNA_DE_FONTE;65;betametasona;prednisolona;A07EA04;A01AC04;0.9243;0.8961;m1_existencia_interacao;1.0-boosting;EXPERIMENTAL;"PREVISAO estatistica, sem evidencia documental; requer verificacao por farmaceutico"
B_LACUNA_DE_FONTE;66;bosentana;sotalol;C02KX01;C07AA07;0.9243;0.8961;m1_existencia_interacao;1.0-boosting;EXPERIMENTAL;"PREVISAO estatistica, sem evidencia documental; requer verificacao por farmaceutico"
B_LACUNA_DE_FONTE;67;amoxicilina;itraconazol;J01CA04;J02AC02;0.9232;0.8958;m1_existencia_interacao;1.0-boosting;EXPERIMENTAL;"PREVISAO estatistica, sem evidencia documental; requer verificacao por farmaceutico"
B_LACUNA_DE_FONTE;68;neomicina;venlafaxina;A01AB08;N06AX16;0.9225;0.8956;m1_existencia_interacao;1.0-boosting;EXPERIMENTAL;"PREVISAO estatistica, sem evidencia documental; requer verificacao por farmaceutico"
B_LACUNA_DE_FONTE;69;duloxetina;neomicina;N06AX21;A01AB08;0.9220;0.8954;m1_existencia_interacao;1.0-boosting;EXPERIMENTAL;"PREVISAO estatistica, sem evidencia documental; requer verificacao por farmaceutico"
B_LACUNA_DE_FONTE;70;esomeprazol;montelucaste;A02BC05;R03DC03;0.9206;0.8950;m1_existencia_interacao;1.0-boosting;EXPERIMENTAL;"PREVISAO estatistica, sem evidencia documental; requer verificacao por farmaceutico"
B_LACUNA_DE_FONTE;71;aciclovir;esomeprazol;D06BB03;A02BC05;0.9189;0.8944;m1_existencia_interacao;1.0-boosting;EXPERIMENTAL;"PREVISAO estatistica, sem evidencia documental; requer verificacao por farmaceutico"
B_LACUNA_DE_FONTE;72;cetoconazol;neomicina;D01AC08;A01AB08;0.9170;0.8939;m1_existencia_interacao;1.0-boosting;EXPERIMENTAL;"PREVISAO estatistica, sem evidencia documental; requer verificacao por farmaceutico"
B_LACUNA_DE_FONTE;73;fluocinolona acetonida;midazolam;C05AA10;N05CD08;0.9163;0.8936;m1_existencia_interacao;1.0-boosting;EXPERIMENTAL;"PREVISAO estatistica, sem evidencia documental; requer verificacao por farmaceutico"
B_LACUNA_DE_FONTE;74;betaistina;cetoconazol;N07CA01;D01AC08;0.9160;0.8935;m1_existencia_interacao;1.0-boosting;EXPERIMENTAL;"PREVISAO estatistica, sem evidencia documental; requer verificacao por farmaceutico"
B_LACUNA_DE_FONTE;75;oxcarbazepina;estiripentol;N03AF02;N03AX17;0.9153;0.8933;m1_existencia_interacao;1.0-boosting;EXPERIMENTAL;"PREVISAO estatistica, sem evidencia documental; requer verificacao por farmaceutico"
B_LACUNA_DE_FONTE;76;proteína C;clopidogrel;B01AD12;B01AC04;0.9140;0.8929;m1_existencia_interacao;1.0-boosting;EXPERIMENTAL;"PREVISAO estatistica, sem evidencia documental; requer verificacao por farmaceutico"
B_LACUNA_DE_FONTE;77;amilorida;fosfato de sitagliptina;C03DB01;A10BH01;0.9138;0.8928;m1_existencia_interacao;1.0-boosting;EXPERIMENTAL;"PREVISAO estatistica, sem evidencia documental; requer verificacao por farmaceutico"
B_LACUNA_DE_FONTE;78;raloxifeno;fosfato de sitagliptina;G03XC01;A10BH01;0.9103;0.8918;m1_existencia_interacao;1.0-boosting;EXPERIMENTAL;"PREVISAO estatistica, sem evidencia documental; requer verificacao por farmaceutico"
B_LACUNA_DE_FONTE;79;cetoconazol;mesalazina;D01AC08;A07EC02;0.9062;0.8905;m1_existencia_interacao;1.0-boosting;EXPERIMENTAL;"PREVISAO estatistica, sem evidencia documental; requer verificacao por farmaceutico"
B_LACUNA_DE_FONTE;80;cetoconazol;vancomicina;D01AC08;A07AA09;0.9062;0.8905;m1_existencia_interacao;1.0-boosting;EXPERIMENTAL;"PREVISAO estatistica, sem evidencia documental; requer verificacao por farmaceutico"
B_LACUNA_DE_FONTE;81;itraconazol;paroxetina;J02AC02;N06AB05;0.9023;0.8893;m1_existencia_interacao;1.0-boosting;EXPERIMENTAL;"PREVISAO estatistica, sem evidencia documental; requer verificacao por farmaceutico"
B_LACUNA_DE_FONTE;82;fosfato de sitagliptina;tibolona;A10BH01;G03CX01;0.8974;0.8877;m1_existencia_interacao;1.0-boosting;EXPERIMENTAL;"PREVISAO estatistica, sem evidencia documental; requer verificacao por farmaceutico"
B_LACUNA_DE_FONTE;83;amoxicilina;cromoglicato dissódico;J01CA04;A07EB01;0.8966;0.8875;m1_existencia_interacao;1.0-boosting;EXPERIMENTAL;"PREVISAO estatistica, sem evidencia documental; requer verificacao por farmaceutico"
B_LACUNA_DE_FONTE;84;cetoconazol;levetiracetam;D01AC08;N03AX14;0.8941;0.8867;m1_existencia_interacao;1.0-boosting;EXPERIMENTAL;"PREVISAO estatistica, sem evidencia documental; requer verificacao por farmaceutico"
B_LACUNA_DE_FONTE;85;diltiazem;sulpirida;C05AE03;N05AL01;0.8925;0.8862;m1_existencia_interacao;1.0-boosting;EXPERIMENTAL;"PREVISAO estatistica, sem evidencia documental; requer verificacao por farmaceutico"
B_LACUNA_DE_FONTE;86;diltiazem;olanzapina;C05AE03;N05AH03;0.8874;0.8846;m1_existencia_interacao;1.0-boosting;EXPERIMENTAL;"PREVISAO estatistica, sem evidencia documental; requer verificacao por farmaceutico"
B_LACUNA_DE_FONTE;87;desloratadina;rifampicina;R06AX27;J04AB02;0.8874;0.8846;m1_existencia_interacao;1.0-boosting;EXPERIMENTAL;"PREVISAO estatistica, sem evidencia documental; requer verificacao por farmaceutico"
B_LACUNA_DE_FONTE;88;metronidazol;vortioxetina;A01AB17;N06AX26;0.8809;0.8826;m1_existencia_interacao;1.0-boosting;EXPERIMENTAL;"PREVISAO estatistica, sem evidencia documental; requer verificacao por farmaceutico"
B_LACUNA_DE_FONTE;89;apremilaste;azatioprina;L04AA32;L04AX01;0.8797;0.8822;m1_existencia_interacao;1.0-boosting;EXPERIMENTAL;"PREVISAO estatistica, sem evidencia documental; requer verificacao por farmaceutico"
B_LACUNA_DE_FONTE;90;dexlansoprazol;lansoprazol;A02BC06;A02BC03;0.8771;0.8814;m1_existencia_interacao;1.0-boosting;EXPERIMENTAL;"PREVISAO estatistica, sem evidencia documental; requer verificacao por farmaceutico"
B_LACUNA_DE_FONTE;91;amoxicilina;dasatinibe;J01CA04;L01EA02;0.8758;0.8810;m1_existencia_interacao;1.0-boosting;EXPERIMENTAL;"PREVISAO estatistica, sem evidencia documental; requer verificacao por farmaceutico"
B_LACUNA_DE_FONTE;92;dexametasona;propafenona;A01AC02;C01BC03;0.8743;0.8805;m1_existencia_interacao;1.0-boosting;EXPERIMENTAL;"PREVISAO estatistica, sem evidencia documental; requer verificacao por farmaceutico"
B_LACUNA_DE_FONTE;93;denosumabe;etodolaco;M05BX04;M01AB08;0.8719;0.8794;m1_existencia_interacao;1.0-boosting;EXPERIMENTAL;"PREVISAO estatistica, sem evidencia documental; requer verificacao por farmaceutico"
B_LACUNA_DE_FONTE;94;enalapril;neomicina;C09AA02;A01AB08;0.8709;0.8784;m1_existencia_interacao;1.0-boosting;EXPERIMENTAL;"PREVISAO estatistica, sem evidencia documental; requer verificacao por farmaceutico"
B_LACUNA_DE_FONTE;95;fluocinolona acetonida;haloperidol;C05AA10;N05AD01;0.8702;0.8777;m1_existencia_interacao;1.0-boosting;EXPERIMENTAL;"PREVISAO estatistica, sem evidencia documental; requer verificacao por farmaceutico"
B_LACUNA_DE_FONTE;96;alfacalcidol;clopidogrel;A11CC03;B01AC04;0.8698;0.8773;m1_existencia_interacao;1.0-boosting;EXPERIMENTAL;"PREVISAO estatistica, sem evidencia documental; requer verificacao por farmaceutico"
B_LACUNA_DE_FONTE;97;desloratadina;terbinafina;R06AX27;D01AE15;0.8697;0.8772;m1_existencia_interacao;1.0-boosting;EXPERIMENTAL;"PREVISAO estatistica, sem evidencia documental; requer verificacao por farmaceutico"
B_LACUNA_DE_FONTE;98;fosfato de sitagliptina;espironolactona;A10BH01;C03DA01;0.8693;0.8769;m1_existencia_interacao;1.0-boosting;EXPERIMENTAL;"PREVISAO estatistica, sem evidencia documental; requer verificacao por farmaceutico"
B_LACUNA_DE_FONTE;99;agomelatina;bupropiona;N06AX22;N06AX12;0.8693;0.8769;m1_existencia_interacao;1.0-boosting;EXPERIMENTAL;"PREVISAO estatistica, sem evidencia documental; requer verificacao por farmaceutico"
B_LACUNA_DE_FONTE;100;amoxicilina;sulfassalazina;J01CA04;A07EC01;0.8687;0.8763;m1_existencia_interacao;1.0-boosting;EXPERIMENTAL;"PREVISAO estatistica, sem evidencia documental; requer verificacao por farmaceutico"
B_LACUNA_DE_FONTE;101;doxiciclina;teriflunomida;A01AB22;L04AK02;0.8687;0.8763;m1_existencia_interacao;1.0-boosting;EXPERIMENTAL;"PREVISAO estatistica, sem evidencia documental; requer verificacao por farmaceutico"
B_LACUNA_DE_FONTE;102;fluocinolona acetonida;flufenazina;C05AA10;N05AB02;0.8678;0.8754;m1_existencia_interacao;1.0-boosting;EXPERIMENTAL;"PREVISAO estatistica, sem evidencia documental; requer verificacao por farmaceutico"
B_LACUNA_DE_FONTE;103;fluconazol;brometo de zinco;D01AC15;A12CB01;0.8676;0.8752;m1_existencia_interacao;1.0-boosting;EXPERIMENTAL;"PREVISAO estatistica, sem evidencia documental; requer verificacao por farmaceutico"
B_LACUNA_DE_FONTE;104;fluocinolona acetonida;nitrazepam;C05AA10;N05CD02;0.8672;0.8749;m1_existencia_interacao;1.0-boosting;EXPERIMENTAL;"PREVISAO estatistica, sem evidencia documental; requer verificacao por farmaceutico"
B_LACUNA_DE_FONTE;105;bortezomibe;norfloxacino;L01XG01;J01MA06;0.8672;0.8748;m1_existencia_interacao;1.0-boosting;EXPERIMENTAL;"PREVISAO estatistica, sem evidencia documental; requer verificacao por farmaceutico"
B_LACUNA_DE_FONTE;106;clorpromazina;triptofano;N05AA01;N06AX02;0.8662;0.8739;m1_existencia_interacao;1.0-boosting;EXPERIMENTAL;"PREVISAO estatistica, sem evidencia documental; requer verificacao por farmaceutico"
B_LACUNA_DE_FONTE;107;ziprasidona;triptofano;N05AE04;N06AX02;0.8658;0.8735;m1_existencia_interacao;1.0-boosting;EXPERIMENTAL;"PREVISAO estatistica, sem evidencia documental; requer verificacao por farmaceutico"
B_LACUNA_DE_FONTE;108;ampicilina;bortezomibe;J01CA01;L01XG01;0.8654;0.8731;m1_existencia_interacao;1.0-boosting;EXPERIMENTAL;"PREVISAO estatistica, sem evidencia documental; requer verificacao por farmaceutico"
B_LACUNA_DE_FONTE;109;desloratadina;colecalciferol;R06AX27;A11CC05;0.8642;0.8720;m1_existencia_interacao;1.0-boosting;EXPERIMENTAL;"PREVISAO estatistica, sem evidencia documental; requer verificacao por farmaceutico"
B_LACUNA_DE_FONTE;110;clozapina;triptofano;N05AH02;N06AX02;0.8626;0.8705;m1_existencia_interacao;1.0-boosting;EXPERIMENTAL;"PREVISAO estatistica, sem evidencia documental; requer verificacao por farmaceutico"
B_LACUNA_DE_FONTE;111;rifampicina;brometo de zinco;J04AB02;A12CB01;0.8626;0.8704;m1_existencia_interacao;1.0-boosting;EXPERIMENTAL;"PREVISAO estatistica, sem evidencia documental; requer verificacao por farmaceutico"
B_LACUNA_DE_FONTE;112;betaistina;celecoxibe;N07CA01;L01XX33;0.8623;0.8701;m1_existencia_interacao;1.0-boosting;EXPERIMENTAL;"PREVISAO estatistica, sem evidencia documental; requer verificacao por farmaceutico"
B_LACUNA_DE_FONTE;113;fluconazol;periciazina;D01AC15;N05AC01;0.8622;0.8700;m1_existencia_interacao;1.0-boosting;EXPERIMENTAL;"PREVISAO estatistica, sem evidencia documental; requer verificacao por farmaceutico"
B_LACUNA_DE_FONTE;114;fluticasona;gliclazida;D07AC17;A10BB09;0.8613;0.8692;m1_existencia_interacao;1.0-boosting;EXPERIMENTAL;"PREVISAO estatistica, sem evidencia documental; requer verificacao por farmaceutico"
B_LACUNA_DE_FONTE;115;clonazepam;sumatriptana;N03AE01;N02CC01;0.8611;0.8690;m1_existencia_interacao;1.0-boosting;EXPERIMENTAL;"PREVISAO estatistica, sem evidencia documental; requer verificacao por farmaceutico"
B_LACUNA_DE_FONTE;116;clonazepam;rizatriptana;N03AE01;N02CC04;0.8611;0.8690;m1_existencia_interacao;1.0-boosting;EXPERIMENTAL;"PREVISAO estatistica, sem evidencia documental; requer verificacao por farmaceutico"
B_LACUNA_DE_FONTE;117;denosumabe;omeprazol;M05BX04;A02BC01;0.8606;0.8685;m1_existencia_interacao;1.0-boosting;EXPERIMENTAL;"PREVISAO estatistica, sem evidencia documental; requer verificacao por farmaceutico"
B_LACUNA_DE_FONTE;118;fluocinolona acetonida;droperidol;C05AA10;N05AD08;0.8603;0.8682;m1_existencia_interacao;1.0-boosting;EXPERIMENTAL;"PREVISAO estatistica, sem evidencia documental; requer verificacao por farmaceutico"
B_LACUNA_DE_FONTE;119;amilorida;metronidazol;C03DB01;A01AB17;0.8597;0.8677;m1_existencia_interacao;1.0-boosting;EXPERIMENTAL;"PREVISAO estatistica, sem evidencia documental; requer verificacao por farmaceutico"
B_LACUNA_DE_FONTE;120;eplerenona;repaglinida;C03DA04;A10BX02;0.8597;0.8676;m1_existencia_interacao;1.0-boosting;EXPERIMENTAL;"PREVISAO estatistica, sem evidencia documental; requer verificacao por farmaceutico"
B_LACUNA_DE_FONTE;121;ganciclovir;cetoconazol;J05AB06;D01AC08;0.8595;0.8674;m1_existencia_interacao;1.0-boosting;EXPERIMENTAL;"PREVISAO estatistica, sem evidencia documental; requer verificacao por farmaceutico"
B_LACUNA_DE_FONTE;122;amilorida;bosentana;C03DB01;C02KX01;0.8594;0.8673;m1_existencia_interacao;1.0-boosting;EXPERIMENTAL;"PREVISAO estatistica, sem evidencia documental; requer verificacao por farmaceutico"
B_LACUNA_DE_FONTE;123;fluconazol;limeciclina;D01AC15;J01AA04;0.8577;0.8657;m1_existencia_interacao;1.0-boosting;EXPERIMENTAL;"PREVISAO estatistica, sem evidencia documental; requer verificacao por farmaceutico"
B_LACUNA_DE_FONTE;124;lansoprazol;levofloxacino;A02BC03;J01MA12;0.8561;0.8642;m1_existencia_interacao;1.0-boosting;EXPERIMENTAL;"PREVISAO estatistica, sem evidencia documental; requer verificacao por farmaceutico"
B_LACUNA_DE_FONTE;125;amoxicilina;desonida;J01CA04;D07AB08;0.8559;0.8640;m1_existencia_interacao;1.0-boosting;EXPERIMENTAL;"PREVISAO estatistica, sem evidencia documental; requer verificacao por farmaceutico"
B_LACUNA_DE_FONTE;126;apremilaste;fumarato de dimetila;L04AA32;L04AX07;0.8555;0.8636;m1_existencia_interacao;1.0-boosting;EXPERIMENTAL;"PREVISAO estatistica, sem evidencia documental; requer verificacao por farmaceutico"
B_LACUNA_DE_FONTE;127;fumarato de dimetila;rifampicina;L04AX07;J04AB02;0.8554;0.8635;m1_existencia_interacao;1.0-boosting;EXPERIMENTAL;"PREVISAO estatistica, sem evidencia documental; requer verificacao por farmaceutico"
B_LACUNA_DE_FONTE;128;proteína C;treprostinila;B01AD12;B01AC21;0.8551;0.8632;m1_existencia_interacao;1.0-boosting;EXPERIMENTAL;"PREVISAO estatistica, sem evidencia documental; requer verificacao por farmaceutico"
B_LACUNA_DE_FONTE;129;álcool etílico;periciazina;D08AX08;N05AC01;0.8546;0.8627;m1_existencia_interacao;1.0-boosting;EXPERIMENTAL;"PREVISAO estatistica, sem evidencia documental; requer verificacao por farmaceutico"
B_LACUNA_DE_FONTE;130;prednisolona;propafenona;A01AC04;C01BC03;0.8539;0.8620;m1_existencia_interacao;1.0-boosting;EXPERIMENTAL;"PREVISAO estatistica, sem evidencia documental; requer verificacao por farmaceutico"
B_LACUNA_DE_FONTE;131;aripiprazol;periciazina;N05AX12;N05AC01;0.8526;0.8608;m1_existencia_interacao;1.0-boosting;EXPERIMENTAL;"PREVISAO estatistica, sem evidencia documental; requer verificacao por farmaceutico"
B_LACUNA_DE_FONTE;132;amoxicilina;mesalazina;J01CA04;A07EC02;0.8525;0.8607;m1_existencia_interacao;1.0-boosting;EXPERIMENTAL;"PREVISAO estatistica, sem evidencia documental; requer verificacao por farmaceutico"
B_LACUNA_DE_FONTE;133;azitromicina;betametasona;J01FA10;A07EA04;0.8525;0.8607;m1_existencia_interacao;1.0-boosting;EXPERIMENTAL;"PREVISAO estatistica, sem evidencia documental; requer verificacao por farmaceutico"
B_LACUNA_DE_FONTE;134;rizatriptana;zopiclona;N02CC04;N05CF01;0.8518;0.8501;m1_existencia_interacao;1.0-boosting;EXPERIMENTAL;"PREVISAO estatistica, sem evidencia documental; requer verificacao por farmaceutico"
B_LACUNA_DE_FONTE;135;betametasona;fluticasona;A07EA04;D07AC17;0.8518;0.8420;m1_existencia_interacao;1.0-boosting;EXPERIMENTAL;"PREVISAO estatistica, sem evidencia documental; requer verificacao por farmaceutico"
B_LACUNA_DE_FONTE;136;rizatriptana;estiripentol;N02CC04;N03AX17;0.8518;0.8521;m1_existencia_interacao;1.0-boosting;EXPERIMENTAL;"PREVISAO estatistica, sem evidencia documental; requer verificacao por farmaceutico"
B_LACUNA_DE_FONTE;137;bupropiona;flunitrazepam;N06AX12;N05CD03;0.8518;0.8499;m1_existencia_interacao;1.0-boosting;EXPERIMENTAL;"PREVISAO estatistica, sem evidencia documental; requer verificacao por farmaceutico"
B_LACUNA_DE_FONTE;138;oxetacaína;rasagilina;C05AD06;N04BD02;0.8518;0.8412;m1_existencia_interacao;1.0-boosting;EXPERIMENTAL;"PREVISAO estatistica, sem evidencia documental; requer verificacao por farmaceutico"
B_LACUNA_DE_FONTE;139;fluocinolona acetonida;risperidona;C05AA10;N05AX08;0.8518;0.8405;m1_existencia_interacao;1.0-boosting;EXPERIMENTAL;"PREVISAO estatistica, sem evidencia documental; requer verificacao por farmaceutico"
B_LACUNA_DE_FONTE;140;fluocinolona acetonida;zopiclona;C05AA10;N05CF01;0.8518;0.8508;m1_existencia_interacao;1.0-boosting;EXPERIMENTAL;"PREVISAO estatistica, sem evidencia documental; requer verificacao por farmaceutico"
B_LACUNA_DE_FONTE;141;olanzapina;triptofano;N05AH03;N06AX02;0.8518;0.8457;m1_existencia_interacao;1.0-boosting;EXPERIMENTAL;"PREVISAO estatistica, sem evidencia documental; requer verificacao por farmaceutico"
B_LACUNA_DE_FONTE;142;claritromicina;pirfenidona;J01FA09;L04AX05;0.8518;0.8591;m1_existencia_interacao;1.0-boosting;EXPERIMENTAL;"PREVISAO estatistica, sem evidencia documental; requer verificacao por farmaceutico"
B_LACUNA_DE_FONTE;143;zopiclona;sumatriptana;N05CF01;N02CC01;0.8518;0.8501;m1_existencia_interacao;1.0-boosting;EXPERIMENTAL;"PREVISAO estatistica, sem evidencia documental; requer verificacao por farmaceutico"
B_LACUNA_DE_FONTE;144;indometacina;verapamil;C01EB03;C08DA01;0.8518;0.8410;m1_existencia_interacao;1.0-boosting;EXPERIMENTAL;"PREVISAO estatistica, sem evidencia documental; requer verificacao por farmaceutico"
B_LACUNA_DE_FONTE;145;olanzapina;verapamil;N05AH03;C08DA01;0.8518;0.8553;m1_existencia_interacao;1.0-boosting;EXPERIMENTAL;"PREVISAO estatistica, sem evidencia documental; requer verificacao por farmaceutico"
B_LACUNA_DE_FONTE;146;diltiazem;paliperidona;C05AE03;N05AX13;0.8518;0.8525;m1_existencia_interacao;1.0-boosting;EXPERIMENTAL;"PREVISAO estatistica, sem evidencia documental; requer verificacao por farmaceutico"
B_LACUNA_DE_FONTE;147;fumarato de dimetila;teprotumumabe;L04AX07;L04AG13;0.8518;0.8459;m1_existencia_interacao;1.0-boosting;EXPERIMENTAL;"PREVISAO estatistica, sem evidencia documental; requer verificacao por farmaceutico"
B_LACUNA_DE_FONTE;148;etexilato de dabigatrana;enoxaparina sódica;B01AE07;B01AB05;0.8518;0.8457;m1_existencia_interacao;1.0-boosting;EXPERIMENTAL;"PREVISAO estatistica, sem evidencia documental; requer verificacao por farmaceutico"
B_LACUNA_DE_FONTE;149;flufenazina;itraconazol;N05AB02;J02AC02;0.8518;0.8471;m1_existencia_interacao;1.0-boosting;EXPERIMENTAL;"PREVISAO estatistica, sem evidencia documental; requer verificacao por farmaceutico"
B_LACUNA_DE_FONTE;150;eritromicina;rizatriptana;D10AF02;N02CC04;0.8518;0.8442;m1_existencia_interacao;1.0-boosting;EXPERIMENTAL;"PREVISAO estatistica, sem evidencia documental; requer verificacao por farmaceutico"
B_LACUNA_DE_FONTE;151;levocetirizina;omeprazol;R06AE09;A02BC01;0.8518;0.8455;m1_existencia_interacao;1.0-boosting;EXPERIMENTAL;"PREVISAO estatistica, sem evidencia documental; requer verificacao por farmaceutico"
B_LACUNA_DE_FONTE;152;periciazina;estiripentol;N05AC01;N03AX17;0.8518;0.8415;m1_existencia_interacao;1.0-boosting;EXPERIMENTAL;"PREVISAO estatistica, sem evidencia documental; requer verificacao por farmaceutico"
B_LACUNA_DE_FONTE;153;capecitabina;claritromicina;L01BC06;J01FA09;0.8518;0.8477;m1_existencia_interacao;1.0-boosting;EXPERIMENTAL;"PREVISAO estatistica, sem evidencia documental; requer verificacao por farmaceutico"
B_LACUNA_DE_FONTE;154;alfacalcidol;varfarina;A11CC03;B01AA03;0.8518;0.8478;m1_existencia_interacao;1.0-boosting;EXPERIMENTAL;"PREVISAO estatistica, sem evidencia documental; requer verificacao por farmaceutico"
B_LACUNA_DE_FONTE;155;rifampicina;tafenoquina;J04AB02;P01BA07;0.8518;0.8542;m1_existencia_interacao;1.0-boosting;EXPERIMENTAL;"PREVISAO estatistica, sem evidencia documental; requer verificacao por farmaceutico"
B_LACUNA_DE_FONTE;156;proteína C;cilostazol;B01AD12;B01AC23;0.8518;0.8444;m1_existencia_interacao;1.0-boosting;EXPERIMENTAL;"PREVISAO estatistica, sem evidencia documental; requer verificacao por farmaceutico"
B_LACUNA_DE_FONTE;157;clomifeno;fosfato de sitagliptina;G03GB02;A10BH01;0.8518;0.8476;m1_existencia_interacao;1.0-boosting;EXPERIMENTAL;"PREVISAO estatistica, sem evidencia documental; requer verificacao por farmaceutico"
B_LACUNA_DE_FONTE;158;brivaracetam;zolpidem;N03AX23;N05CF02;0.8518;0.8453;m1_existencia_interacao;1.0-boosting;EXPERIMENTAL;"PREVISAO estatistica, sem evidencia documental; requer verificacao por farmaceutico"
B_LACUNA_DE_FONTE;159;zolpidem;sumatriptana;N05CF02;N02CC01;0.8518;0.8472;m1_existencia_interacao;1.0-boosting;EXPERIMENTAL;"PREVISAO estatistica, sem evidencia documental; requer verificacao por farmaceutico"
B_LACUNA_DE_FONTE;160;duloxetina;itraconazol;N06AX21;J02AC02;0.8518;0.8594;m1_existencia_interacao;1.0-boosting;EXPERIMENTAL;"PREVISAO estatistica, sem evidencia documental; requer verificacao por farmaceutico"
B_LACUNA_DE_FONTE;161;teprotumumabe;teriflunomida;L04AG13;L04AK02;0.8518;0.8591;m1_existencia_interacao;1.0-boosting;EXPERIMENTAL;"PREVISAO estatistica, sem evidencia documental; requer verificacao por farmaceutico"
B_LACUNA_DE_FONTE;162;glimepirida;tibolona;A10BB12;G03CX01;0.8518;0.8558;m1_existencia_interacao;1.0-boosting;EXPERIMENTAL;"PREVISAO estatistica, sem evidencia documental; requer verificacao por farmaceutico"
B_LACUNA_DE_FONTE;163;omeprazol;brometo de zinco;A02BC01;A12CB01;0.8518;0.8442;m1_existencia_interacao;1.0-boosting;EXPERIMENTAL;"PREVISAO estatistica, sem evidencia documental; requer verificacao por farmaceutico"
B_LACUNA_DE_FONTE;164;desonida;pantoprazol;D07AB08;A02BC02;0.8518;0.8534;m1_existencia_interacao;1.0-boosting;EXPERIMENTAL;"PREVISAO estatistica, sem evidencia documental; requer verificacao por farmaceutico"
B_LACUNA_DE_FONTE;165;clozapina;periciazina;N05AH02;N05AC01;0.8518;0.8536;m1_existencia_interacao;1.0-boosting;EXPERIMENTAL;"PREVISAO estatistica, sem evidencia documental; requer verificacao por farmaceutico"
B_LACUNA_DE_FONTE;166;bortezomibe;brometo de zinco;L01XG01;A12CB01;0.8518;0.8461;m1_existencia_interacao;1.0-boosting;EXPERIMENTAL;"PREVISAO estatistica, sem evidencia documental; requer verificacao por farmaceutico"
B_LACUNA_DE_FONTE;167;quetiapina;periciazina;N05AH04;N05AC01;0.8518;0.8544;m1_existencia_interacao;1.0-boosting;EXPERIMENTAL;"PREVISAO estatistica, sem evidencia documental; requer verificacao por farmaceutico"
B_LACUNA_DE_FONTE;168;omeprazol;malato de sunitinibe;A02BC01;L01EX01;0.8518;0.8412;m1_existencia_interacao;1.0-boosting;EXPERIMENTAL;"PREVISAO estatistica, sem evidencia documental; requer verificacao por farmaceutico"
B_LACUNA_DE_FONTE;169;desloratadina;cetotifeno;R06AX27;R06AX17;0.8518;0.8545;m1_existencia_interacao;1.0-boosting;EXPERIMENTAL;"PREVISAO estatistica, sem evidencia documental; requer verificacao por farmaceutico"
B_LACUNA_DE_FONTE;170;ácido acetilsalicílico;denosumabe;A01AD05;M05BX04;0.8518;0.8400;m1_existencia_interacao;1.0-boosting;EXPERIMENTAL;"PREVISAO estatistica, sem evidencia documental; requer verificacao por farmaceutico"
B_LACUNA_DE_FONTE;171;hidroxizina;rasagilina;N05BB01;N04BD02;0.8518;0.8409;m1_existencia_interacao;1.0-boosting;EXPERIMENTAL;"PREVISAO estatistica, sem evidencia documental; requer verificacao por farmaceutico"
B_LACUNA_DE_FONTE;172;levanlodipino;nifedipino;C08CA17;C08CA05;0.8518;0.8469;m1_existencia_interacao;1.0-boosting;EXPERIMENTAL;"PREVISAO estatistica, sem evidencia documental; requer verificacao por farmaceutico"
B_LACUNA_DE_FONTE;173;fenobarbital;salbutamol;N03AA02;R03AC02;0.8518;0.8480;m1_existencia_interacao;1.0-boosting;EXPERIMENTAL;"PREVISAO estatistica, sem evidencia documental; requer verificacao por farmaceutico"
B_LACUNA_DE_FONTE;174;clortalidona;clotrimazol;C03BA04;A01AB18;0.8518;0.8428;m1_existencia_interacao;1.0-boosting;EXPERIMENTAL;"PREVISAO estatistica, sem evidencia documental; requer verificacao por farmaceutico"
B_LACUNA_DE_FONTE;175;galantamina;risperidona;N06DA04;N05AX08;0.8518;0.8488;m1_existencia_interacao;1.0-boosting;EXPERIMENTAL;"PREVISAO estatistica, sem evidencia documental; requer verificacao por farmaceutico"
B_LACUNA_DE_FONTE;176;galantamina;olanzapina;N06DA04;N05AH03;0.8518;0.8448;m1_existencia_interacao;1.0-boosting;EXPERIMENTAL;"PREVISAO estatistica, sem evidencia documental; requer verificacao por farmaceutico"
B_LACUNA_DE_FONTE;177;estiripentol;sumatriptana;N03AX17;N02CC01;0.8518;0.8521;m1_existencia_interacao;1.0-boosting;EXPERIMENTAL;"PREVISAO estatistica, sem evidencia documental; requer verificacao por farmaceutico"
B_LACUNA_DE_FONTE;178;dexametasona;lenvatinibe;A01AC02;L01EX08;0.8518;0.8432;m1_existencia_interacao;1.0-boosting;EXPERIMENTAL;"PREVISAO estatistica, sem evidencia documental; requer verificacao por farmaceutico"
B_LACUNA_DE_FONTE;179;bosentana;espironolactona;C02KX01;C03DA01;0.8518;0.8435;m1_existencia_interacao;1.0-boosting;EXPERIMENTAL;"PREVISAO estatistica, sem evidencia documental; requer verificacao por farmaceutico"
B_LACUNA_DE_FONTE;180;rizatriptana;zolpidem;N02CC04;N05CF02;0.8518;0.8472;m1_existencia_interacao;1.0-boosting;EXPERIMENTAL;"PREVISAO estatistica, sem evidencia documental; requer verificacao por farmaceutico"
B_LACUNA_DE_FONTE;181;periciazina;risperidona;N05AC01;N05AX08;0.8518;0.8573;m1_existencia_interacao;1.0-boosting;EXPERIMENTAL;"PREVISAO estatistica, sem evidencia documental; requer verificacao por farmaceutico"
B_LACUNA_DE_FONTE;182;clopidogrel;tenoxicam;B01AC04;M01AC02;0.8518;0.8531;m1_existencia_interacao;1.0-boosting;EXPERIMENTAL;"PREVISAO estatistica, sem evidencia documental; requer verificacao por farmaceutico"
B_LACUNA_DE_FONTE;183;brivaracetam;levetiracetam;N03AX23;N03AX14;0.8516;0.8398;m1_existencia_interacao;1.0-boosting;EXPERIMENTAL;"PREVISAO estatistica, sem evidencia documental; requer verificacao por farmaceutico"
B_LACUNA_DE_FONTE;184;fosfato de sitagliptina;valsartana;A10BH01;C09CA03;0.8515;0.8397;m1_existencia_interacao;1.0-boosting;EXPERIMENTAL;"PREVISAO estatistica, sem evidencia documental; requer verificacao por farmaceutico"
B_LACUNA_DE_FONTE;185;fumarato de dimetila;claritromicina;L04AX07;J01FA09;0.8511;0.8393;m1_existencia_interacao;1.0-boosting;EXPERIMENTAL;"PREVISAO estatistica, sem evidencia documental; requer verificacao por farmaceutico"
B_LACUNA_DE_FONTE;186;betaistina;clotrimazol;N07CA01;A01AB18;0.8507;0.8390;m1_existencia_interacao;1.0-boosting;EXPERIMENTAL;"PREVISAO estatistica, sem evidencia documental; requer verificacao por farmaceutico"
B_LACUNA_DE_FONTE;187;betametasona;ganciclovir;A07EA04;J05AB06;0.8505;0.8387;m1_existencia_interacao;1.0-boosting;EXPERIMENTAL;"PREVISAO estatistica, sem evidencia documental; requer verificacao por farmaceutico"
B_LACUNA_DE_FONTE;188;larotrectinibe;lenvatinibe;L01EX12;L01EX08;0.8495;0.8377;m1_existencia_interacao;1.0-boosting;EXPERIMENTAL;"PREVISAO estatistica, sem evidencia documental; requer verificacao por farmaceutico"
B_LACUNA_DE_FONTE;189;midazolam;rizatriptana;N05CD08;N02CC04;0.8492;0.8374;m1_existencia_interacao;1.0-boosting;EXPERIMENTAL;"PREVISAO estatistica, sem evidencia documental; requer verificacao por farmaceutico"
B_LACUNA_DE_FONTE;190;midazolam;sumatriptana;N05CD08;N02CC01;0.8492;0.8374;m1_existencia_interacao;1.0-boosting;EXPERIMENTAL;"PREVISAO estatistica, sem evidencia documental; requer verificacao por farmaceutico"
B_LACUNA_DE_FONTE;191;limeciclina;omeprazol;J01AA04;A02BC01;0.8485;0.8367;m1_existencia_interacao;1.0-boosting;EXPERIMENTAL;"PREVISAO estatistica, sem evidencia documental; requer verificacao por farmaceutico"
B_LACUNA_DE_FONTE;192;bicalutamida;exemestano;L02BB03;L02BG06;0.8479;0.8361;m1_existencia_interacao;1.0-boosting;EXPERIMENTAL;"PREVISAO estatistica, sem evidencia documental; requer verificacao por farmaceutico"
B_LACUNA_DE_FONTE;193;apremilaste;etanercepte;L04AA32;L04AB01;0.8479;0.8361;m1_existencia_interacao;1.0-boosting;EXPERIMENTAL;"PREVISAO estatistica, sem evidencia documental; requer verificacao por farmaceutico"
B_LACUNA_DE_FONTE;194;morfina;pirfenidona;N02AA01;L04AX05;0.8475;0.8357;m1_existencia_interacao;1.0-boosting;EXPERIMENTAL;"PREVISAO estatistica, sem evidencia documental; requer verificacao por farmaceutico"
B_LACUNA_DE_FONTE;195;ibuprofeno;fosfato de sitagliptina;C01EB16;A10BH01;0.8471;0.8353;m1_existencia_interacao;1.0-boosting;EXPERIMENTAL;"PREVISAO estatistica, sem evidencia documental; requer verificacao por farmaceutico"
B_LACUNA_DE_FONTE;196;propofol;escetamina;N01AX10;N01AX14;0.8470;0.8352;m1_existencia_interacao;1.0-boosting;EXPERIMENTAL;"PREVISAO estatistica, sem evidencia documental; requer verificacao por farmaceutico"
B_LACUNA_DE_FONTE;197;desonida;lansoprazol;D07AB08;A02BC03;0.8470;0.8352;m1_existencia_interacao;1.0-boosting;EXPERIMENTAL;"PREVISAO estatistica, sem evidencia documental; requer verificacao por farmaceutico"
B_LACUNA_DE_FONTE;198;itraconazol;cromoglicato dissódico;J02AC02;A07EB01;0.8463;0.8345;m1_existencia_interacao;1.0-boosting;EXPERIMENTAL;"PREVISAO estatistica, sem evidencia documental; requer verificacao por farmaceutico"
B_LACUNA_DE_FONTE;199;paroxetina;rifampicina;N06AB05;J04AB02;0.8456;0.8337;m1_existencia_interacao;1.0-boosting;EXPERIMENTAL;"PREVISAO estatistica, sem evidencia documental; requer verificacao por farmaceutico"
B_LACUNA_DE_FONTE;200;álcool etílico;galantamina;D08AX08;N06DA04;0.8455;0.8337;m1_existencia_interacao;1.0-boosting;EXPERIMENTAL;"PREVISAO estatistica, sem evidencia documental; requer verificacao por farmaceutico"
B_LACUNA_DE_FONTE;201;bromazepam;bupropiona;N05BA08;N06AX12;0.8451;0.8333;m1_existencia_interacao;1.0-boosting;EXPERIMENTAL;"PREVISAO estatistica, sem evidencia documental; requer verificacao por farmaceutico"
B_LACUNA_DE_FONTE;202;flufenazina;clopidogrel;N05AB02;B01AC04;0.8451;0.8333;m1_existencia_interacao;1.0-boosting;EXPERIMENTAL;"PREVISAO estatistica, sem evidencia documental; requer verificacao por farmaceutico"
B_LACUNA_DE_FONTE;203;aflibercepte;celecoxibe;L01XX44;L01XX33;0.8449;0.8330;m1_existencia_interacao;1.0-boosting;EXPERIMENTAL;"PREVISAO estatistica, sem evidencia documental; requer verificacao por farmaceutico"
B_LACUNA_DE_FONTE;204;clopidogrel;levofloxacino;B01AC04;J01MA12;0.8447;0.8328;m1_existencia_interacao;1.0-boosting;EXPERIMENTAL;"PREVISAO estatistica, sem evidencia documental; requer verificacao por farmaceutico"
B_LACUNA_DE_FONTE;205;fluticasona;ganciclovir;D07AC17;J05AB06;0.8447;0.8328;m1_existencia_interacao;1.0-boosting;EXPERIMENTAL;"PREVISAO estatistica, sem evidencia documental; requer verificacao por farmaceutico"
B_LACUNA_DE_FONTE;206;nebivolol;pantoprazol;C07AB12;A02BC02;0.8446;0.8327;m1_existencia_interacao;1.0-boosting;EXPERIMENTAL;"PREVISAO estatistica, sem evidencia documental; requer verificacao por farmaceutico"
B_LACUNA_DE_FONTE;207;eplerenona;fosfato de sitagliptina;C03DA04;A10BH01;0.8439;0.8320;m1_existencia_interacao;1.0-boosting;EXPERIMENTAL;"PREVISAO estatistica, sem evidencia documental; requer verificacao por farmaceutico"
B_LACUNA_DE_FONTE;208;diltiazem;lorazepam;C05AE03;N05BA06;0.8438;0.8319;m1_existencia_interacao;1.0-boosting;EXPERIMENTAL;"PREVISAO estatistica, sem evidencia documental; requer verificacao por farmaceutico"
B_LACUNA_DE_FONTE;209;agomelatina;triptofano;N06AX22;N06AX02;0.8434;0.8315;m1_existencia_interacao;1.0-boosting;EXPERIMENTAL;"PREVISAO estatistica, sem evidencia documental; requer verificacao por farmaceutico"
B_LACUNA_DE_FONTE;210;fingolimode;teprotumumabe;L04AE01;L04AG13;0.8431;0.8312;m1_existencia_interacao;1.0-boosting;EXPERIMENTAL;"PREVISAO estatistica, sem evidencia documental; requer verificacao por farmaceutico"
B_LACUNA_DE_FONTE;211;desonida;ondansetrona;D07AB08;A04AA01;0.8430;0.8311;m1_existencia_interacao;1.0-boosting;EXPERIMENTAL;"PREVISAO estatistica, sem evidencia documental; requer verificacao por farmaceutico"
B_LACUNA_DE_FONTE;212;betametasona;clopidogrel;A07EA04;B01AC04;0.8426;0.8307;m1_existencia_interacao;1.0-boosting;EXPERIMENTAL;"PREVISAO estatistica, sem evidencia documental; requer verificacao por farmaceutico"
B_LACUNA_DE_FONTE;213;felodipino;levanlodipino;C08CA02;C08CA17;0.8425;0.8307;m1_existencia_interacao;1.0-boosting;EXPERIMENTAL;"PREVISAO estatistica, sem evidencia documental; requer verificacao por farmaceutico"
B_LACUNA_DE_FONTE;214;hidroxizina;rizatriptana;N05BB01;N02CC04;0.8425;0.8306;m1_existencia_interacao;1.0-boosting;EXPERIMENTAL;"PREVISAO estatistica, sem evidencia documental; requer verificacao por farmaceutico"
B_LACUNA_DE_FONTE;215;hidroxizina;sumatriptana;N05BB01;N02CC01;0.8425;0.8306;m1_existencia_interacao;1.0-boosting;EXPERIMENTAL;"PREVISAO estatistica, sem evidencia documental; requer verificacao por farmaceutico"
B_LACUNA_DE_FONTE;216;aripiprazol;triptofano;N05AX12;N06AX02;0.8423;0.8305;m1_existencia_interacao;1.0-boosting;EXPERIMENTAL;"PREVISAO estatistica, sem evidencia documental; requer verificacao por farmaceutico"
B_LACUNA_DE_FONTE;217;bupropiona;dexmedetomidina;N06AX12;N05CM18;0.8423;0.8304;m1_existencia_interacao;1.0-boosting;EXPERIMENTAL;"PREVISAO estatistica, sem evidencia documental; requer verificacao por farmaceutico"
B_LACUNA_DE_FONTE;218;flunitrazepam;sumatriptana;N05CD03;N02CC01;0.8421;0.8302;m1_existencia_interacao;1.0-boosting;EXPERIMENTAL;"PREVISAO estatistica, sem evidencia documental; requer verificacao por farmaceutico"
B_LACUNA_DE_FONTE;219;donepezila;álcool etílico;N06DA02;D08AX08;0.8417;0.8298;m1_existencia_interacao;1.0-boosting;EXPERIMENTAL;"PREVISAO estatistica, sem evidencia documental; requer verificacao por farmaceutico"
B_LACUNA_DE_FONTE;220;brivaracetam;lamotrigina;N03AX23;N03AX09;0.8412;0.8293;m1_existencia_interacao;1.0-boosting;EXPERIMENTAL;"PREVISAO estatistica, sem evidencia documental; requer verificacao por farmaceutico"
B_LACUNA_DE_FONTE;221;hidroxicloroquina;tafenoquina;P01BA02;P01BA07;0.8406;0.8287;m1_existencia_interacao;1.0-boosting;EXPERIMENTAL;"PREVISAO estatistica, sem evidencia documental; requer verificacao por farmaceutico"
B_LACUNA_DE_FONTE;222;celecoxibe;brometo de zinco;L01XX33;A12CB01;0.8399;0.8280;m1_existencia_interacao;1.0-boosting;EXPERIMENTAL;"PREVISAO estatistica, sem evidencia documental; requer verificacao por farmaceutico"
B_LACUNA_DE_FONTE;223;etanercepte;pirfenidona;L04AB01;L04AX05;0.8396;0.8277;m1_existencia_interacao;1.0-boosting;EXPERIMENTAL;"PREVISAO estatistica, sem evidencia documental; requer verificacao por farmaceutico"
B_LACUNA_DE_FONTE;224;rifampicina;sulfassalazina;J04AB02;A07EC01;0.8396;0.8277;m1_existencia_interacao;1.0-boosting;EXPERIMENTAL;"PREVISAO estatistica, sem evidencia documental; requer verificacao por farmaceutico"
B_LACUNA_DE_FONTE;225;lurasidona;triptofano;N05AE05;N06AX02;0.8392;0.8273;m1_existencia_interacao;1.0-boosting;EXPERIMENTAL;"PREVISAO estatistica, sem evidencia documental; requer verificacao por farmaceutico"
B_LACUNA_DE_FONTE;226;lurasidona;omeprazol;N05AE05;A02BC01;0.8381;0.8261;m1_existencia_interacao;1.0-boosting;EXPERIMENTAL;"PREVISAO estatistica, sem evidencia documental; requer verificacao por farmaceutico"
B_LACUNA_DE_FONTE;227;leflunomida;teprotumumabe;L04AK01;L04AG13;0.8379;0.8260;m1_existencia_interacao;1.0-boosting;EXPERIMENTAL;"PREVISAO estatistica, sem evidencia documental; requer verificacao por farmaceutico"
B_LACUNA_DE_FONTE;228;cetirizina;vilazodona;R06AE07;N06AX24;0.8373;0.8254;m1_existencia_interacao;1.0-boosting;EXPERIMENTAL;"PREVISAO estatistica, sem evidencia documental; requer verificacao por farmaceutico"
B_LACUNA_DE_FONTE;229;proteína C;ticagrelor;B01AD12;B01AC24;0.8373;0.8253;m1_existencia_interacao;1.0-boosting;EXPERIMENTAL;"PREVISAO estatistica, sem evidencia documental; requer verificacao por farmaceutico"
B_LACUNA_DE_FONTE;230;montelucaste;nebivolol;R03DC03;C07AB12;0.8371;0.8252;m1_existencia_interacao;1.0-boosting;EXPERIMENTAL;"PREVISAO estatistica, sem evidencia documental; requer verificacao por farmaceutico"
B_LACUNA_DE_FONTE;231;fenilefrina;metilprednisolona;C01CA06;D07AA01;0.8370;0.8251;m1_existencia_interacao;1.0-boosting;EXPERIMENTAL;"PREVISAO estatistica, sem evidencia documental; requer verificacao por farmaceutico"
B_LACUNA_DE_FONTE;232;aflibercepte;pegfilgrastim;L01XX44;L03AA13;0.8367;0.8247;m1_existencia_interacao;1.0-boosting;EXPERIMENTAL;"PREVISAO estatistica, sem evidencia documental; requer verificacao por farmaceutico"
B_LACUNA_DE_FONTE;233;eritromicina;memantina;D10AF02;N06DX01;0.8365;0.8245;m1_existencia_interacao;1.0-boosting;EXPERIMENTAL;"PREVISAO estatistica, sem evidencia documental; requer verificacao por farmaceutico"
B_LACUNA_DE_FONTE;234;eritromicina;rufinamida;D10AF02;N03AF03;0.8364;0.8245;m1_existencia_interacao;1.0-boosting;EXPERIMENTAL;"PREVISAO estatistica, sem evidencia documental; requer verificacao por farmaceutico"
B_LACUNA_DE_FONTE;235;aflibercepte;bortezomibe;L01XX44;L01XG01;0.8359;0.8240;m1_existencia_interacao;1.0-boosting;EXPERIMENTAL;"PREVISAO estatistica, sem evidencia documental; requer verificacao por farmaceutico"
B_LACUNA_DE_FONTE;236;apremilaste;infliximabe;L04AA32;L04AB02;0.8357;0.8237;m1_existencia_interacao;1.0-boosting;EXPERIMENTAL;"PREVISAO estatistica, sem evidencia documental; requer verificacao por farmaceutico"
B_LACUNA_DE_FONTE;237;aripiprazol;brivaracetam;N05AX12;N03AX23;0.8355;0.8235;m1_existencia_interacao;1.0-boosting;EXPERIMENTAL;"PREVISAO estatistica, sem evidencia documental; requer verificacao por farmaceutico"
B_LACUNA_DE_FONTE;238;ciclosporina;vedolizumabe;L04AD01;L04AG05;0.8353;0.8234;m1_existencia_interacao;1.0-boosting;EXPERIMENTAL;"PREVISAO estatistica, sem evidencia documental; requer verificacao por farmaceutico"
B_LACUNA_DE_FONTE;239;lansoprazol;nebivolol;A02BC03;C07AB12;0.8353;0.8233;m1_existencia_interacao;1.0-boosting;EXPERIMENTAL;"PREVISAO estatistica, sem evidencia documental; requer verificacao por farmaceutico"
B_LACUNA_DE_FONTE;240;abiraterona;exemestano;L02BX03;L02BG06;0.8352;0.8232;m1_existencia_interacao;1.0-boosting;EXPERIMENTAL;"PREVISAO estatistica, sem evidencia documental; requer verificacao por farmaceutico"
B_LACUNA_DE_FONTE;241;gliclazida;clobetasol;A10BB09;D07AD01;0.8349;0.8229;m1_existencia_interacao;1.0-boosting;EXPERIMENTAL;"PREVISAO estatistica, sem evidencia documental; requer verificacao por farmaceutico"
B_LACUNA_DE_FONTE;242;ácido acetilsalicílico;etinilestradiol;A01AD05;G03CA01;0.8346;0.8227;m1_existencia_interacao;1.0-boosting;EXPERIMENTAL;"PREVISAO estatistica, sem evidencia documental; requer verificacao por farmaceutico"
B_LACUNA_DE_FONTE;243;brivaracetam;canabidiol;N03AX23;N03AX24;0.8346;0.8227;m1_existencia_interacao;1.0-boosting;EXPERIMENTAL;"PREVISAO estatistica, sem evidencia documental; requer verificacao por farmaceutico"
B_LACUNA_DE_FONTE;244;betametasona;paroxetina;A07EA04;N06AB05;0.8344;0.8224;m1_existencia_interacao;1.0-boosting;EXPERIMENTAL;"PREVISAO estatistica, sem evidencia documental; requer verificacao por farmaceutico"
B_LACUNA_DE_FONTE;245;etoricoxibe;pantoprazol;M01AH05;A02BC02;0.8344;0.8224;m1_existencia_interacao;1.0-boosting;EXPERIMENTAL;"PREVISAO estatistica, sem evidencia documental; requer verificacao por farmaceutico"
B_LACUNA_DE_FONTE;246;anagrelida;celecoxibe;L01XX35;L01XX33;0.8343;0.8224;m1_existencia_interacao;1.0-boosting;EXPERIMENTAL;"PREVISAO estatistica, sem evidencia documental; requer verificacao por farmaceutico"
B_LACUNA_DE_FONTE;247;hidroclorotiazida;propafenona;C03AA03;C01BC03;0.8343;0.8223;m1_existencia_interacao;1.0-boosting;EXPERIMENTAL;"PREVISAO estatistica, sem evidencia documental; requer verificacao por farmaceutico"
B_LACUNA_DE_FONTE;248;metformina;zuclopentixol;A10BA02;N05AF05;0.8337;0.8218;m1_existencia_interacao;1.0-boosting;EXPERIMENTAL;"PREVISAO estatistica, sem evidencia documental; requer verificacao por farmaceutico"
B_LACUNA_DE_FONTE;249;entecavir;claritromicina;J05AF10;J01FA09;0.8337;0.8217;m1_existencia_interacao;1.0-boosting;EXPERIMENTAL;"PREVISAO estatistica, sem evidencia documental; requer verificacao por farmaceutico"
B_LACUNA_DE_FONTE;250;hidroclorotiazida;itraconazol;C03AA03;J02AC02;0.8334;0.8214;m1_existencia_interacao;1.0-boosting;EXPERIMENTAL;"PREVISAO estatistica, sem evidencia documental; requer verificacao por farmaceutico"
B_LACUNA_DE_FONTE;251;bortezomibe;desloratadina;L01XG01;R06AX27;0.8333;0.8213;m1_existencia_interacao;1.0-boosting;EXPERIMENTAL;"PREVISAO estatistica, sem evidencia documental; requer verificacao por farmaceutico"
B_LACUNA_DE_FONTE;252;apalutamida;enzalutamida;L02BB05;L02BB04;0.8324;0.8205;m1_existencia_interacao;1.0-boosting;EXPERIMENTAL;"PREVISAO estatistica, sem evidencia documental; requer verificacao por farmaceutico"
B_LACUNA_DE_FONTE;253;filgrastim;nivolumabe;L03AA02;L01FF01;0.8324;0.8204;m1_existencia_interacao;1.0-boosting;EXPERIMENTAL;"PREVISAO estatistica, sem evidencia documental; requer verificacao por farmaceutico"
B_LACUNA_DE_FONTE;254;claritromicina;brometo de zinco;J01FA09;A12CB01;0.8323;0.8204;m1_existencia_interacao;1.0-boosting;EXPERIMENTAL;"PREVISAO estatistica, sem evidencia documental; requer verificacao por farmaceutico"
B_LACUNA_DE_FONTE;255;indometacina;clonidina;C01EB03;C02AC01;0.8314;0.8197;m1_existencia_interacao;1.0-boosting;EXPERIMENTAL;"PREVISAO estatistica, sem evidencia documental; requer verificacao por farmaceutico"
B_LACUNA_DE_FONTE;256;salbutamol;vortioxetina;R03AC02;N06AX26;0.8311;0.8196;m1_existencia_interacao;1.0-boosting;EXPERIMENTAL;"PREVISAO estatistica, sem evidencia documental; requer verificacao por farmaceutico"
B_LACUNA_DE_FONTE;257;azatioprina;rifampicina;L04AX01;J04AB02;0.8290;0.8188;m1_existencia_interacao;1.0-boosting;EXPERIMENTAL;"PREVISAO estatistica, sem evidencia documental; requer verificacao por farmaceutico"
B_LACUNA_DE_FONTE;258;donepezila;codeína;N06DA02;R05DA04;0.8280;0.8183;m1_existencia_interacao;1.0-boosting;EXPERIMENTAL;"PREVISAO estatistica, sem evidencia documental; requer verificacao por farmaceutico"
B_LACUNA_DE_FONTE;259;desloratadina;cloridrato de cinacalcete;R06AX27;H05BX01;0.8253;0.8172;m1_existencia_interacao;1.0-boosting;EXPERIMENTAL;"PREVISAO estatistica, sem evidencia documental; requer verificacao por farmaceutico"
B_LACUNA_DE_FONTE;260;flufenazina;rifampicina;N05AB02;J04AB02;0.8252;0.8172;m1_existencia_interacao;1.0-boosting;EXPERIMENTAL;"PREVISAO estatistica, sem evidencia documental; requer verificacao por farmaceutico"
B_LACUNA_DE_FONTE;261;eritromicina;pirfenidona;D10AF02;L04AX05;0.8247;0.8170;m1_existencia_interacao;1.0-boosting;EXPERIMENTAL;"PREVISAO estatistica, sem evidencia documental; requer verificacao por farmaceutico"
B_LACUNA_DE_FONTE;262;galantamina;levocetirizina;N06DA04;R06AE09;0.8241;0.8167;m1_existencia_interacao;1.0-boosting;EXPERIMENTAL;"PREVISAO estatistica, sem evidencia documental; requer verificacao por farmaceutico"
B_LACUNA_DE_FONTE;263;quetiapina;triptofano;N05AH04;N06AX02;0.8235;0.8165;m1_existencia_interacao;1.0-boosting;EXPERIMENTAL;"PREVISAO estatistica, sem evidencia documental; requer verificacao por farmaceutico"
B_LACUNA_DE_FONTE;264;basiliximabe;ciclosporina;L04AC02;L04AD01;0.8224;0.8160;m1_existencia_interacao;1.0-boosting;EXPERIMENTAL;"PREVISAO estatistica, sem evidencia documental; requer verificacao por farmaceutico"
B_LACUNA_DE_FONTE;265;ácido acetilsalicílico;betaistina;A01AD05;N07CA01;0.8212;0.8155;m1_existencia_interacao;1.0-boosting;EXPERIMENTAL;"PREVISAO estatistica, sem evidencia documental; requer verificacao por farmaceutico"
B_LACUNA_DE_FONTE;266;fentanila;oxcarbazepina;N01AH01;N03AF02;0.8196;0.8148;m1_existencia_interacao;1.0-boosting;EXPERIMENTAL;"PREVISAO estatistica, sem evidencia documental; requer verificacao por farmaceutico"
B_LACUNA_DE_FONTE;267;infliximabe;pirfenidona;L04AB02;L04AX05;0.8195;0.8148;m1_existencia_interacao;1.0-boosting;EXPERIMENTAL;"PREVISAO estatistica, sem evidencia documental; requer verificacao por farmaceutico"
B_LACUNA_DE_FONTE;268;azatioprina;lenvatinibe;L04AX01;L01EX08;0.8186;0.8144;m1_existencia_interacao;1.0-boosting;EXPERIMENTAL;"PREVISAO estatistica, sem evidencia documental; requer verificacao por farmaceutico"
B_LACUNA_DE_FONTE;269;álcool etílico;rivastigmina;D08AX08;N06DA03;0.8177;0.8141;m1_existencia_interacao;1.0-boosting;EXPERIMENTAL;"PREVISAO estatistica, sem evidencia documental; requer verificacao por farmaceutico"
B_LACUNA_DE_FONTE;270;carvedilol;nicergolina;C07AG02;C04AE02;0.8175;0.8140;m1_existencia_interacao;1.0-boosting;EXPERIMENTAL;"PREVISAO estatistica, sem evidencia documental; requer verificacao por farmaceutico"
B_LACUNA_DE_FONTE;271;baricitinibe;tofacitinibe;L04AF02;L04AF01;0.8161;0.8134;m1_existencia_interacao;1.0-boosting;EXPERIMENTAL;"PREVISAO estatistica, sem evidencia documental; requer verificacao por farmaceutico"
B_LACUNA_DE_FONTE;272;nitrazepam;vilazodona;N05CD02;N06AX24;0.8154;0.8131;m1_existencia_interacao;1.0-boosting;EXPERIMENTAL;"PREVISAO estatistica, sem evidencia documental; requer verificacao por farmaceutico"
B_LACUNA_DE_FONTE;273;bicarbonato de sódio;fluvoxamina;B05CB04;N06AB08;0.8142;0.8126;m1_existencia_interacao;1.0-boosting;EXPERIMENTAL;"PREVISAO estatistica, sem evidencia documental; requer verificacao por farmaceutico"
B_LACUNA_DE_FONTE;274;aflibercepte;filgrastim;L01XX44;L03AA02;0.8141;0.8126;m1_existencia_interacao;1.0-boosting;EXPERIMENTAL;"PREVISAO estatistica, sem evidencia documental; requer verificacao por farmaceutico"
B_LACUNA_DE_FONTE;275;flufenazina;ivacaftor;N05AB02;R07AX02;0.8136;0.8124;m1_existencia_interacao;1.0-boosting;EXPERIMENTAL;"PREVISAO estatistica, sem evidencia documental; requer verificacao por farmaceutico"
B_LACUNA_DE_FONTE;276;fumarato de dimetila;lenvatinibe;L04AX07;L01EX08;0.8126;0.8120;m1_existencia_interacao;1.0-boosting;EXPERIMENTAL;"PREVISAO estatistica, sem evidencia documental; requer verificacao por farmaceutico"
B_LACUNA_DE_FONTE;277;ácido acetilsalicílico;levocetirizina;A01AD05;R06AE09;0.8118;0.8116;m1_existencia_interacao;1.0-boosting;EXPERIMENTAL;"PREVISAO estatistica, sem evidencia documental; requer verificacao por farmaceutico"
B_LACUNA_DE_FONTE;278;bortezomibe;mesalazina;L01XG01;A07EC02;0.8113;0.8114;m1_existencia_interacao;1.0-boosting;EXPERIMENTAL;"PREVISAO estatistica, sem evidencia documental; requer verificacao por farmaceutico"
B_LACUNA_DE_FONTE;279;etexilato de dabigatrana;caplacizumabe;B01AE07;B01AX07;0.8110;0.8113;m1_existencia_interacao;1.0-boosting;EXPERIMENTAL;"PREVISAO estatistica, sem evidencia documental; requer verificacao por farmaceutico"
B_LACUNA_DE_FONTE;280;alteplase;etexilato de dabigatrana;B01AD02;B01AE07;0.8110;0.8113;m1_existencia_interacao;1.0-boosting;EXPERIMENTAL;"PREVISAO estatistica, sem evidencia documental; requer verificacao por farmaceutico"
B_LACUNA_DE_FONTE;281;etexilato de dabigatrana;tenecteplase;B01AE07;B01AD11;0.8110;0.8113;m1_existencia_interacao;1.0-boosting;EXPERIMENTAL;"PREVISAO estatistica, sem evidencia documental; requer verificacao por farmaceutico"
B_LACUNA_DE_FONTE;282;exemestano;flutamida;L02BG06;L02BB01;0.8110;0.8113;m1_existencia_interacao;1.0-boosting;EXPERIMENTAL;"PREVISAO estatistica, sem evidencia documental; requer verificacao por farmaceutico"
B_LACUNA_DE_FONTE;283;amilorida;gliclazida;C03DB01;A10BB09;0.8105;0.8111;m1_existencia_interacao;1.0-boosting;EXPERIMENTAL;"PREVISAO estatistica, sem evidencia documental; requer verificacao por farmaceutico"
B_LACUNA_DE_FONTE;284;etoricoxibe;lansoprazol;M01AH05;A02BC03;0.8103;0.8110;m1_existencia_interacao;1.0-boosting;EXPERIMENTAL;"PREVISAO estatistica, sem evidencia documental; requer verificacao por farmaceutico"
B_LACUNA_DE_FONTE;285;doxiciclina;levofloxacino;A01AB22;J01MA12;0.8096;0.8107;m1_existencia_interacao;1.0-boosting;EXPERIMENTAL;"PREVISAO estatistica, sem evidencia documental; requer verificacao por farmaceutico"
B_LACUNA_DE_FONTE;286;eritromicina;brometo de zinco;D10AF02;A12CB01;0.8081;0.8101;m1_existencia_interacao;1.0-boosting;EXPERIMENTAL;"PREVISAO estatistica, sem evidencia documental; requer verificacao por farmaceutico"
B_LACUNA_DE_FONTE;287;pirfenidona;rosuvastatina;L04AX05;C10AA07;0.8081;0.8101;m1_existencia_interacao;1.0-boosting;EXPERIMENTAL;"PREVISAO estatistica, sem evidencia documental; requer verificacao por farmaceutico"
B_LACUNA_DE_FONTE;288;apalutamida;bicalutamida;L02BB05;L02BB03;0.8054;0.8090;m1_existencia_interacao;1.0-boosting;EXPERIMENTAL;"PREVISAO estatistica, sem evidencia documental; requer verificacao por farmaceutico"
B_LACUNA_DE_FONTE;289;bazedoxifeno;metformina;G03XC02;A10BA02;0.8037;0.8083;m1_existencia_interacao;1.0-boosting;EXPERIMENTAL;"PREVISAO estatistica, sem evidencia documental; requer verificacao por farmaceutico"
B_LACUNA_DE_FONTE;290;nivolumabe;pegfilgrastim;L01FF01;L03AA13;0.8028;0.8079;m1_existencia_interacao;1.0-boosting;EXPERIMENTAL;"PREVISAO estatistica, sem evidencia documental; requer verificacao por farmaceutico"
B_LACUNA_DE_FONTE;291;eritromicina;tapentadol;D10AF02;N02AX06;0.8008;0.8071;m1_existencia_interacao;1.0-boosting;EXPERIMENTAL;"PREVISAO estatistica, sem evidencia documental; requer verificacao por farmaceutico"
B_LACUNA_DE_FONTE;292;bicarbonato de sódio;fluoxetina;B05CB04;N06AB03;0.8008;0.8071;m1_existencia_interacao;1.0-boosting;EXPERIMENTAL;"PREVISAO estatistica, sem evidencia documental; requer verificacao por farmaceutico"
B_LACUNA_DE_FONTE;293;naratriptana;remifentanila;N02CC02;N01AH06;0.7981;0.8059;m1_existencia_interacao;1.0-boosting;EXPERIMENTAL;"PREVISAO estatistica, sem evidencia documental; requer verificacao por farmaceutico"
B_LACUNA_DE_FONTE;294;metilprednisolona;sibutramina;D07AA01;A08AA10;0.7974;0.8057;m1_existencia_interacao;1.0-boosting;EXPERIMENTAL;"PREVISAO estatistica, sem evidencia documental; requer verificacao por farmaceutico"
B_LACUNA_DE_FONTE;295;alfacalcidol;ticlopidina;A11CC03;B01AC05;0.7966;0.8053;m1_existencia_interacao;1.0-boosting;EXPERIMENTAL;"PREVISAO estatistica, sem evidencia documental; requer verificacao por farmaceutico"
B_LACUNA_DE_FONTE;296;beclometasona;prednisona;A07EA07;A07EA03;0.7954;0.8048;m1_existencia_interacao;1.0-boosting;EXPERIMENTAL;"PREVISAO estatistica, sem evidencia documental; requer verificacao por farmaceutico"
B_LACUNA_DE_FONTE;297;atorvastatina;colecalciferol;C10AA05;A11CC05;0.7937;0.8041;m1_existencia_interacao;1.0-boosting;EXPERIMENTAL;"PREVISAO estatistica, sem evidencia documental; requer verificacao por farmaceutico"
B_LACUNA_DE_FONTE;298;adalimumabe;apremilaste;L04AB04;L04AA32;0.7927;0.8037;m1_existencia_interacao;1.0-boosting;EXPERIMENTAL;"PREVISAO estatistica, sem evidencia documental; requer verificacao por farmaceutico"
B_LACUNA_DE_FONTE;299;amilorida;linagliptina;C03DB01;A10BH05;0.7920;0.8034;m1_existencia_interacao;1.0-boosting;EXPERIMENTAL;"PREVISAO estatistica, sem evidencia documental; requer verificacao por farmaceutico"
B_LACUNA_DE_FONTE;300;clotrimazol;memantina;A01AB18;N06DX01;0.7920;0.8034;m1_existencia_interacao;1.0-boosting;EXPERIMENTAL;"PREVISAO estatistica, sem evidencia documental; requer verificacao por farmaceutico"
